run_id,started_at_utc,library,dataset,elapsed_seconds,status,output_path,error
a0b7863e635c4b958a442e835a0093f6,2026-05-08T19:32:29.875761+00:00,matplotlib,85k_line,,started,/Users/zwong/repos/personal-projects/benchmarks/python_src/outputs/matplotlib_85k_line.png,
a0b7863e635c4b958a442e835a0093f6,2026-05-08T19:32:29.875761+00:00,matplotlib,85k_line,0.572872,ok,/Users/zwong/repos/personal-projects/benchmarks/python_src/outputs/matplotlib_85k_line.png,
a0b7863e635c4b958a442e835a0093f6,2026-05-08T19:32:29.875761+00:00,matplotlib,170k_line,,started,/Users/zwong/repos/personal-projects/benchmarks/python_src/outputs/matplotlib_170k_line.png,
a0b7863e635c4b958a442e835a0093f6,2026-05-08T19:32:29.875761+00:00,matplotlib,170k_line,0.664558,ok,/Users/zwong/repos/personal-projects/benchmarks/python_src/outputs/matplotlib_170k_line.png,
a0b7863e635c4b958a442e835a0093f6,2026-05-08T19:32:29.875761+00:00,matplotlib,850k_line,,started,/Users/zwong/repos/personal-projects/benchmarks/python_src/outputs/matplotlib_850k_line.png,
a0b7863e635c4b958a442e835a0093f6,2026-05-08T19:32:29.875761+00:00,matplotlib,850k_line,0.876854,ok,/Users/zwong/repos/personal-projects/benchmarks/python_src/outputs/matplotlib_850k_line.png,
a0b7863e635c4b958a442e835a0093f6,2026-05-08T19:32:29.875761+00:00,matplotlib,1m_histogram,,started,/Users/zwong/repos/personal-projects/benchmarks/python_src/outputs/matplotlib_1m_histogram.png,
a0b7863e635c4b958a442e835a0093f6,2026-05-08T19:32:29.875761+00:00,matplotlib,1m_histogram,0.737525,ok,/Users/zwong/repos/personal-projects/benchmarks/python_src/outputs/matplotlib_1m_histogram.png,
a0b7863e635c4b958a442e835a0093f6,2026-05-08T19:32:29.875761+00:00,matplotlib,10m_histogram,,started,/Users/zwong/repos/personal-projects/benchmarks/python_src/outputs/matplotlib_10m_histogram.png,
a0b7863e635c4b958a442e835a0093f6,2026-05-08T19:32:29.875761+00:00,matplotlib,10m_histogram,5.059434,ok,/Users/zwong/repos/personal-projects/benchmarks/python_src/outputs/matplotlib_10m_histogram.png,
a0b7863e635c4b958a442e835a0093f6,2026-05-08T19:32:29.875761+00:00,matplotlib,500k_scatter,,started,/Users/zwong/repos/personal-projects/benchmarks/python_src/outputs/matplotlib_500k_scatter.png,
a0b7863e635c4b958a442e835a0093f6,2026-05-08T19:32:29.875761+00:00,matplotlib,500k_scatter,1.861131,ok,/Users/zwong/repos/personal-projects/benchmarks/python_src/outputs/matplotlib_500k_scatter.png,
a0b7863e635c4b958a442e835a0093f6,2026-05-08T19:32:29.875761+00:00,matplotlib,5m_scatter,,started,/Users/zwong/repos/personal-projects/benchmarks/python_src/outputs/matplotlib_5m_scatter.png,
a0b7863e635c4b958a442e835a0093f6,2026-05-08T19:32:29.875761+00:00,matplotlib,5m_scatter,15.795403,ok,/Users/zwong/repos/personal-projects/benchmarks/python_src/outputs/matplotlib_5m_scatter.png,
a0b7863e635c4b958a442e835a0093f6,2026-05-08T19:32:29.875761+00:00,plotly,85k_line,,started,/Users/zwong/repos/personal-projects/benchmarks/python_src/outputs/plotly_85k_line.png,
a0b7863e635c4b958a442e835a0093f6,2026-05-08T19:32:29.875761+00:00,plotly,85k_line,2.366047,ok,/Users/zwong/repos/personal-projects/benchmarks/python_src/outputs/plotly_85k_line.png,
a0b7863e635c4b958a442e835a0093f6,2026-05-08T19:32:29.875761+00:00,plotly,170k_line,,started,/Users/zwong/repos/personal-projects/benchmarks/python_src/outputs/plotly_170k_line.png,
a0b7863e635c4b958a442e835a0093f6,2026-05-08T19:32:29.875761+00:00,plotly,170k_line,2.390535,ok,/Users/zwong/repos/personal-projects/benchmarks/python_src/outputs/plotly_170k_line.png,
a0b7863e635c4b958a442e835a0093f6,2026-05-08T19:32:29.875761+00:00,plotly,850k_line,,started,/Users/zwong/repos/personal-projects/benchmarks/python_src/outputs/plotly_850k_line.png,
a0b7863e635c4b958a442e835a0093f6,2026-05-08T19:32:29.875761+00:00,plotly,850k_line,3.470748,ok,/Users/zwong/repos/personal-projects/benchmarks/python_src/outputs/plotly_850k_line.png,
a0b7863e635c4b958a442e835a0093f6,2026-05-08T19:32:29.875761+00:00,plotly,1m_histogram,,started,/Users/zwong/repos/personal-projects/benchmarks/python_src/outputs/plotly_1m_histogram.png,
a0b7863e635c4b958a442e835a0093f6,2026-05-08T19:32:29.875761+00:00,plotly,1m_histogram,2.845624,ok,/Users/zwong/repos/personal-projects/benchmarks/python_src/outputs/plotly_1m_histogram.png,
a0b7863e635c4b958a442e835a0093f6,2026-05-08T19:32:29.875761+00:00,plotly,10m_histogram,,started,/Users/zwong/repos/personal-projects/benchmarks/python_src/outputs/plotly_10m_histogram.png,
a0b7863e635c4b958a442e835a0093f6,2026-05-08T19:32:29.875761+00:00,plotly,10m_histogram,9.850247,ok,/Users/zwong/repos/personal-projects/benchmarks/python_src/outputs/plotly_10m_histogram.png,
a0b7863e635c4b958a442e835a0093f6,2026-05-08T19:32:29.875761+00:00,plotly,500k_scatter,,started,/Users/zwong/repos/personal-projects/benchmarks/python_src/outputs/plotly_500k_scatter.png,
a0b7863e635c4b958a442e835a0093f6,2026-05-08T19:32:29.875761+00:00,plotly,500k_scatter,3.684999,ok,/Users/zwong/repos/personal-projects/benchmarks/python_src/outputs/plotly_500k_scatter.png,
a0b7863e635c4b958a442e835a0093f6,2026-05-08T19:32:29.875761+00:00,plotly,5m_scatter,,started,/Users/zwong/repos/personal-projects/benchmarks/python_src/outputs/plotly_5m_scatter.png,
a0b7863e635c4b958a442e835a0093f6,2026-05-08T19:32:29.875761+00:00,plotly,5m_scatter,120.045570,timeout,/Users/zwong/repos/personal-projects/benchmarks/python_src/outputs/plotly_5m_scatter.png,timed out after 120s
301dda69110047ad86ea87cc75f26d1f,2026-05-08T19:35:20.104123+00:00,matplotlib,85k_line,,started,/Users/zwong/repos/personal-projects/benchmarks/python_src/outputs/matplotlib_85k_line.png,
301dda69110047ad86ea87cc75f26d1f,2026-05-08T19:35:20.104123+00:00,matplotlib,85k_line,0.036009,error,/Users/zwong/repos/personal-projects/benchmarks/python_src/outputs/matplotlib_85k_line.png,"Traceback (most recent call last):
  File ""/Users/zwong/repos/personal-projects/benchmarks/python_src/main.py"", line 13, in <module>
    from altair_bench import EXPORTS as ALTAIR_EXPORTS
  File ""/Users/zwong/repos/personal-projects/benchmarks/python_src/altair_bench.py"", line 6, in <module>
    import altair as alt
ModuleNotFoundError: No module named 'altair'"
301dda69110047ad86ea87cc75f26d1f,2026-05-08T19:35:20.104123+00:00,matplotlib,170k_line,,started,/Users/zwong/repos/personal-projects/benchmarks/python_src/outputs/matplotlib_170k_line.png,
301dda69110047ad86ea87cc75f26d1f,2026-05-08T19:35:20.104123+00:00,matplotlib,170k_line,0.032211,error,/Users/zwong/repos/personal-projects/benchmarks/python_src/outputs/matplotlib_170k_line.png,"Traceback (most recent call last):
  File ""/Users/zwong/repos/personal-projects/benchmarks/python_src/main.py"", line 13, in <module>
    from altair_bench import EXPORTS as ALTAIR_EXPORTS
  File ""/Users/zwong/repos/personal-projects/benchmarks/python_src/altair_bench.py"", line 6, in <module>
    import altair as alt
ModuleNotFoundError: No module named 'altair'"
301dda69110047ad86ea87cc75f26d1f,2026-05-08T19:35:20.104123+00:00,matplotlib,850k_line,,started,/Users/zwong/repos/personal-projects/benchmarks/python_src/outputs/matplotlib_850k_line.png,
301dda69110047ad86ea87cc75f26d1f,2026-05-08T19:35:20.104123+00:00,matplotlib,850k_line,0.029775,error,/Users/zwong/repos/personal-projects/benchmarks/python_src/outputs/matplotlib_850k_line.png,"Traceback (most recent call last):
  File ""/Users/zwong/repos/personal-projects/benchmarks/python_src/main.py"", line 13, in <module>
    from altair_bench import EXPORTS as ALTAIR_EXPORTS
  File ""/Users/zwong/repos/personal-projects/benchmarks/python_src/altair_bench.py"", line 6, in <module>
    import altair as alt
ModuleNotFoundError: No module named 'altair'"
301dda69110047ad86ea87cc75f26d1f,2026-05-08T19:35:20.104123+00:00,matplotlib,1m_histogram,,started,/Users/zwong/repos/personal-projects/benchmarks/python_src/outputs/matplotlib_1m_histogram.png,
301dda69110047ad86ea87cc75f26d1f,2026-05-08T19:35:20.104123+00:00,matplotlib,1m_histogram,0.028846,error,/Users/zwong/repos/personal-projects/benchmarks/python_src/outputs/matplotlib_1m_histogram.png,"Traceback (most recent call last):
  File ""/Users/zwong/repos/personal-projects/benchmarks/python_src/main.py"", line 13, in <module>
    from altair_bench import EXPORTS as ALTAIR_EXPORTS
  File ""/Users/zwong/repos/personal-projects/benchmarks/python_src/altair_bench.py"", line 6, in <module>
    import altair as alt
ModuleNotFoundError: No module named 'altair'"
301dda69110047ad86ea87cc75f26d1f,2026-05-08T19:35:20.104123+00:00,matplotlib,10m_histogram,,started,/Users/zwong/repos/personal-projects/benchmarks/python_src/outputs/matplotlib_10m_histogram.png,
301dda69110047ad86ea87cc75f26d1f,2026-05-08T19:35:20.104123+00:00,matplotlib,10m_histogram,0.029713,error,/Users/zwong/repos/personal-projects/benchmarks/python_src/outputs/matplotlib_10m_histogram.png,"Traceback (most recent call last):
  File ""/Users/zwong/repos/personal-projects/benchmarks/python_src/main.py"", line 13, in <module>
    from altair_bench import EXPORTS as ALTAIR_EXPORTS
  File ""/Users/zwong/repos/personal-projects/benchmarks/python_src/altair_bench.py"", line 6, in <module>
    import altair as alt
ModuleNotFoundError: No module named 'altair'"
301dda69110047ad86ea87cc75f26d1f,2026-05-08T19:35:20.104123+00:00,matplotlib,500k_scatter,,started,/Users/zwong/repos/personal-projects/benchmarks/python_src/outputs/matplotlib_500k_scatter.png,
301dda69110047ad86ea87cc75f26d1f,2026-05-08T19:35:20.104123+00:00,matplotlib,500k_scatter,0.029098,error,/Users/zwong/repos/personal-projects/benchmarks/python_src/outputs/matplotlib_500k_scatter.png,"Traceback (most recent call last):
  File ""/Users/zwong/repos/personal-projects/benchmarks/python_src/main.py"", line 13, in <module>
    from altair_bench import EXPORTS as ALTAIR_EXPORTS
  File ""/Users/zwong/repos/personal-projects/benchmarks/python_src/altair_bench.py"", line 6, in <module>
    import altair as alt
ModuleNotFoundError: No module named 'altair'"
301dda69110047ad86ea87cc75f26d1f,2026-05-08T19:35:20.104123+00:00,matplotlib,5m_scatter,,started,/Users/zwong/repos/personal-projects/benchmarks/python_src/outputs/matplotlib_5m_scatter.png,
301dda69110047ad86ea87cc75f26d1f,2026-05-08T19:35:20.104123+00:00,matplotlib,5m_scatter,0.031041,error,/Users/zwong/repos/personal-projects/benchmarks/python_src/outputs/matplotlib_5m_scatter.png,"Traceback (most recent call last):
  File ""/Users/zwong/repos/personal-projects/benchmarks/python_src/main.py"", line 13, in <module>
    from altair_bench import EXPORTS as ALTAIR_EXPORTS
  File ""/Users/zwong/repos/personal-projects/benchmarks/python_src/altair_bench.py"", line 6, in <module>
    import altair as alt
ModuleNotFoundError: No module named 'altair'"
301dda69110047ad86ea87cc75f26d1f,2026-05-08T19:35:20.104123+00:00,plotly,85k_line,,started,/Users/zwong/repos/personal-projects/benchmarks/python_src/outputs/plotly_85k_line.png,
301dda69110047ad86ea87cc75f26d1f,2026-05-08T19:35:20.104123+00:00,plotly,85k_line,0.031033,error,/Users/zwong/repos/personal-projects/benchmarks/python_src/outputs/plotly_85k_line.png,"Traceback (most recent call last):
  File ""/Users/zwong/repos/personal-projects/benchmarks/python_src/main.py"", line 13, in <module>
    from altair_bench import EXPORTS as ALTAIR_EXPORTS
  File ""/Users/zwong/repos/personal-projects/benchmarks/python_src/altair_bench.py"", line 6, in <module>
    import altair as alt
ModuleNotFoundError: No module named 'altair'"
301dda69110047ad86ea87cc75f26d1f,2026-05-08T19:35:20.104123+00:00,plotly,170k_line,,started,/Users/zwong/repos/personal-projects/benchmarks/python_src/outputs/plotly_170k_line.png,
301dda69110047ad86ea87cc75f26d1f,2026-05-08T19:35:20.104123+00:00,plotly,170k_line,0.030077,error,/Users/zwong/repos/personal-projects/benchmarks/python_src/outputs/plotly_170k_line.png,"Traceback (most recent call last):
  File ""/Users/zwong/repos/personal-projects/benchmarks/python_src/main.py"", line 13, in <module>
    from altair_bench import EXPORTS as ALTAIR_EXPORTS
  File ""/Users/zwong/repos/personal-projects/benchmarks/python_src/altair_bench.py"", line 6, in <module>
    import altair as alt
ModuleNotFoundError: No module named 'altair'"
301dda69110047ad86ea87cc75f26d1f,2026-05-08T19:35:20.104123+00:00,plotly,850k_line,,started,/Users/zwong/repos/personal-projects/benchmarks/python_src/outputs/plotly_850k_line.png,
301dda69110047ad86ea87cc75f26d1f,2026-05-08T19:35:20.104123+00:00,plotly,850k_line,0.028353,error,/Users/zwong/repos/personal-projects/benchmarks/python_src/outputs/plotly_850k_line.png,"Traceback (most recent call last):
  File ""/Users/zwong/repos/personal-projects/benchmarks/python_src/main.py"", line 13, in <module>
    from altair_bench import EXPORTS as ALTAIR_EXPORTS
  File ""/Users/zwong/repos/personal-projects/benchmarks/python_src/altair_bench.py"", line 6, in <module>
    import altair as alt
ModuleNotFoundError: No module named 'altair'"
301dda69110047ad86ea87cc75f26d1f,2026-05-08T19:35:20.104123+00:00,plotly,1m_histogram,,started,/Users/zwong/repos/personal-projects/benchmarks/python_src/outputs/plotly_1m_histogram.png,
301dda69110047ad86ea87cc75f26d1f,2026-05-08T19:35:20.104123+00:00,plotly,1m_histogram,0.029746,error,/Users/zwong/repos/personal-projects/benchmarks/python_src/outputs/plotly_1m_histogram.png,"Traceback (most recent call last):
  File ""/Users/zwong/repos/personal-projects/benchmarks/python_src/main.py"", line 13, in <module>
    from altair_bench import EXPORTS as ALTAIR_EXPORTS
  File ""/Users/zwong/repos/personal-projects/benchmarks/python_src/altair_bench.py"", line 6, in <module>
    import altair as alt
ModuleNotFoundError: No module named 'altair'"
301dda69110047ad86ea87cc75f26d1f,2026-05-08T19:35:20.104123+00:00,plotly,10m_histogram,,started,/Users/zwong/repos/personal-projects/benchmarks/python_src/outputs/plotly_10m_histogram.png,
301dda69110047ad86ea87cc75f26d1f,2026-05-08T19:35:20.104123+00:00,plotly,10m_histogram,0.029407,error,/Users/zwong/repos/personal-projects/benchmarks/python_src/outputs/plotly_10m_histogram.png,"Traceback (most recent call last):
  File ""/Users/zwong/repos/personal-projects/benchmarks/python_src/main.py"", line 13, in <module>
    from altair_bench import EXPORTS as ALTAIR_EXPORTS
  File ""/Users/zwong/repos/personal-projects/benchmarks/python_src/altair_bench.py"", line 6, in <module>
    import altair as alt
ModuleNotFoundError: No module named 'altair'"
301dda69110047ad86ea87cc75f26d1f,2026-05-08T19:35:20.104123+00:00,plotly,500k_scatter,,started,/Users/zwong/repos/personal-projects/benchmarks/python_src/outputs/plotly_500k_scatter.png,
301dda69110047ad86ea87cc75f26d1f,2026-05-08T19:35:20.104123+00:00,plotly,500k_scatter,0.027941,error,/Users/zwong/repos/personal-projects/benchmarks/python_src/outputs/plotly_500k_scatter.png,"Traceback (most recent call last):
  File ""/Users/zwong/repos/personal-projects/benchmarks/python_src/main.py"", line 13, in <module>
    from altair_bench import EXPORTS as ALTAIR_EXPORTS
  File ""/Users/zwong/repos/personal-projects/benchmarks/python_src/altair_bench.py"", line 6, in <module>
    import altair as alt
ModuleNotFoundError: No module named 'altair'"
301dda69110047ad86ea87cc75f26d1f,2026-05-08T19:35:20.104123+00:00,plotly,5m_scatter,,started,/Users/zwong/repos/personal-projects/benchmarks/python_src/outputs/plotly_5m_scatter.png,
301dda69110047ad86ea87cc75f26d1f,2026-05-08T19:35:20.104123+00:00,plotly,5m_scatter,0.028356,error,/Users/zwong/repos/personal-projects/benchmarks/python_src/outputs/plotly_5m_scatter.png,"Traceback (most recent call last):
  File ""/Users/zwong/repos/personal-projects/benchmarks/python_src/main.py"", line 13, in <module>
    from altair_bench import EXPORTS as ALTAIR_EXPORTS
  File ""/Users/zwong/repos/personal-projects/benchmarks/python_src/altair_bench.py"", line 6, in <module>
    import altair as alt
ModuleNotFoundError: No module named 'altair'"
11b58db8c2664a669ff709c2ca6e95cd,2026-05-08T19:35:20.532310+00:00,matplotlib,85k_line,,started,/Users/zwong/repos/personal-projects/benchmarks/python_src/outputs/matplotlib_85k_line.png,
11b58db8c2664a669ff709c2ca6e95cd,2026-05-08T19:35:20.532310+00:00,matplotlib,85k_line,0.027624,error,/Users/zwong/repos/personal-projects/benchmarks/python_src/outputs/matplotlib_85k_line.png,"Traceback (most recent call last):
  File ""/Users/zwong/repos/personal-projects/benchmarks/python_src/main.py"", line 13, in <module>
    from altair_bench import EXPORTS as ALTAIR_EXPORTS
  File ""/Users/zwong/repos/personal-projects/benchmarks/python_src/altair_bench.py"", line 6, in <module>
    import altair as alt
ModuleNotFoundError: No module named 'altair'"
11b58db8c2664a669ff709c2ca6e95cd,2026-05-08T19:35:20.532310+00:00,matplotlib,170k_line,,started,/Users/zwong/repos/personal-projects/benchmarks/python_src/outputs/matplotlib_170k_line.png,
11b58db8c2664a669ff709c2ca6e95cd,2026-05-08T19:35:20.532310+00:00,matplotlib,170k_line,0.027100,error,/Users/zwong/repos/personal-projects/benchmarks/python_src/outputs/matplotlib_170k_line.png,"Traceback (most recent call last):
  File ""/Users/zwong/repos/personal-projects/benchmarks/python_src/main.py"", line 13, in <module>
    from altair_bench import EXPORTS as ALTAIR_EXPORTS
  File ""/Users/zwong/repos/personal-projects/benchmarks/python_src/altair_bench.py"", line 6, in <module>
    import altair as alt
ModuleNotFoundError: No module named 'altair'"
11b58db8c2664a669ff709c2ca6e95cd,2026-05-08T19:35:20.532310+00:00,matplotlib,850k_line,,started,/Users/zwong/repos/personal-projects/benchmarks/python_src/outputs/matplotlib_850k_line.png,
11b58db8c2664a669ff709c2ca6e95cd,2026-05-08T19:35:20.532310+00:00,matplotlib,850k_line,0.028052,error,/Users/zwong/repos/personal-projects/benchmarks/python_src/outputs/matplotlib_850k_line.png,"Traceback (most recent call last):
  File ""/Users/zwong/repos/personal-projects/benchmarks/python_src/main.py"", line 13, in <module>
    from altair_bench import EXPORTS as ALTAIR_EXPORTS
  File ""/Users/zwong/repos/personal-projects/benchmarks/python_src/altair_bench.py"", line 6, in <module>
    import altair as alt
ModuleNotFoundError: No module named 'altair'"
11b58db8c2664a669ff709c2ca6e95cd,2026-05-08T19:35:20.532310+00:00,matplotlib,1m_histogram,,started,/Users/zwong/repos/personal-projects/benchmarks/python_src/outputs/matplotlib_1m_histogram.png,
11b58db8c2664a669ff709c2ca6e95cd,2026-05-08T19:35:20.532310+00:00,matplotlib,1m_histogram,0.026620,error,/Users/zwong/repos/personal-projects/benchmarks/python_src/outputs/matplotlib_1m_histogram.png,"Traceback (most recent call last):
  File ""/Users/zwong/repos/personal-projects/benchmarks/python_src/main.py"", line 13, in <module>
    from altair_bench import EXPORTS as ALTAIR_EXPORTS
  File ""/Users/zwong/repos/personal-projects/benchmarks/python_src/altair_bench.py"", line 6, in <module>
    import altair as alt
ModuleNotFoundError: No module named 'altair'"
11b58db8c2664a669ff709c2ca6e95cd,2026-05-08T19:35:20.532310+00:00,matplotlib,10m_histogram,,started,/Users/zwong/repos/personal-projects/benchmarks/python_src/outputs/matplotlib_10m_histogram.png,
11b58db8c2664a669ff709c2ca6e95cd,2026-05-08T19:35:20.532310+00:00,matplotlib,10m_histogram,0.026388,error,/Users/zwong/repos/personal-projects/benchmarks/python_src/outputs/matplotlib_10m_histogram.png,"Traceback (most recent call last):
  File ""/Users/zwong/repos/personal-projects/benchmarks/python_src/main.py"", line 13, in <module>
    from altair_bench import EXPORTS as ALTAIR_EXPORTS
  File ""/Users/zwong/repos/personal-projects/benchmarks/python_src/altair_bench.py"", line 6, in <module>
    import altair as alt
ModuleNotFoundError: No module named 'altair'"
11b58db8c2664a669ff709c2ca6e95cd,2026-05-08T19:35:20.532310+00:00,matplotlib,500k_scatter,,started,/Users/zwong/repos/personal-projects/benchmarks/python_src/outputs/matplotlib_500k_scatter.png,
11b58db8c2664a669ff709c2ca6e95cd,2026-05-08T19:35:20.532310+00:00,matplotlib,500k_scatter,0.027760,error,/Users/zwong/repos/personal-projects/benchmarks/python_src/outputs/matplotlib_500k_scatter.png,"Traceback (most recent call last):
  File ""/Users/zwong/repos/personal-projects/benchmarks/python_src/main.py"", line 13, in <module>
    from altair_bench import EXPORTS as ALTAIR_EXPORTS
  File ""/Users/zwong/repos/personal-projects/benchmarks/python_src/altair_bench.py"", line 6, in <module>
    import altair as alt
ModuleNotFoundError: No module named 'altair'"
11b58db8c2664a669ff709c2ca6e95cd,2026-05-08T19:35:20.532310+00:00,matplotlib,5m_scatter,,started,/Users/zwong/repos/personal-projects/benchmarks/python_src/outputs/matplotlib_5m_scatter.png,
11b58db8c2664a669ff709c2ca6e95cd,2026-05-08T19:35:20.532310+00:00,matplotlib,5m_scatter,0.026986,error,/Users/zwong/repos/personal-projects/benchmarks/python_src/outputs/matplotlib_5m_scatter.png,"Traceback (most recent call last):
  File ""/Users/zwong/repos/personal-projects/benchmarks/python_src/main.py"", line 13, in <module>
    from altair_bench import EXPORTS as ALTAIR_EXPORTS
  File ""/Users/zwong/repos/personal-projects/benchmarks/python_src/altair_bench.py"", line 6, in <module>
    import altair as alt
ModuleNotFoundError: No module named 'altair'"
11b58db8c2664a669ff709c2ca6e95cd,2026-05-08T19:35:20.532310+00:00,plotly,85k_line,,started,/Users/zwong/repos/personal-projects/benchmarks/python_src/outputs/plotly_85k_line.png,
11b58db8c2664a669ff709c2ca6e95cd,2026-05-08T19:35:20.532310+00:00,plotly,85k_line,0.025810,error,/Users/zwong/repos/personal-projects/benchmarks/python_src/outputs/plotly_85k_line.png,"Traceback (most recent call last):
  File ""/Users/zwong/repos/personal-projects/benchmarks/python_src/main.py"", line 13, in <module>
    from altair_bench import EXPORTS as ALTAIR_EXPORTS
  File ""/Users/zwong/repos/personal-projects/benchmarks/python_src/altair_bench.py"", line 6, in <module>
    import altair as alt
ModuleNotFoundError: No module named 'altair'"
11b58db8c2664a669ff709c2ca6e95cd,2026-05-08T19:35:20.532310+00:00,plotly,170k_line,,started,/Users/zwong/repos/personal-projects/benchmarks/python_src/outputs/plotly_170k_line.png,
11b58db8c2664a669ff709c2ca6e95cd,2026-05-08T19:35:20.532310+00:00,plotly,170k_line,0.027657,error,/Users/zwong/repos/personal-projects/benchmarks/python_src/outputs/plotly_170k_line.png,"Traceback (most recent call last):
  File ""/Users/zwong/repos/personal-projects/benchmarks/python_src/main.py"", line 13, in <module>
    from altair_bench import EXPORTS as ALTAIR_EXPORTS
  File ""/Users/zwong/repos/personal-projects/benchmarks/python_src/altair_bench.py"", line 6, in <module>
    import altair as alt
ModuleNotFoundError: No module named 'altair'"
11b58db8c2664a669ff709c2ca6e95cd,2026-05-08T19:35:20.532310+00:00,plotly,850k_line,,started,/Users/zwong/repos/personal-projects/benchmarks/python_src/outputs/plotly_850k_line.png,
11b58db8c2664a669ff709c2ca6e95cd,2026-05-08T19:35:20.532310+00:00,plotly,850k_line,0.026036,error,/Users/zwong/repos/personal-projects/benchmarks/python_src/outputs/plotly_850k_line.png,"Traceback (most recent call last):
  File ""/Users/zwong/repos/personal-projects/benchmarks/python_src/main.py"", line 13, in <module>
    from altair_bench import EXPORTS as ALTAIR_EXPORTS
  File ""/Users/zwong/repos/personal-projects/benchmarks/python_src/altair_bench.py"", line 6, in <module>
    import altair as alt
ModuleNotFoundError: No module named 'altair'"
11b58db8c2664a669ff709c2ca6e95cd,2026-05-08T19:35:20.532310+00:00,plotly,1m_histogram,,started,/Users/zwong/repos/personal-projects/benchmarks/python_src/outputs/plotly_1m_histogram.png,
11b58db8c2664a669ff709c2ca6e95cd,2026-05-08T19:35:20.532310+00:00,plotly,1m_histogram,0.030056,error,/Users/zwong/repos/personal-projects/benchmarks/python_src/outputs/plotly_1m_histogram.png,"Traceback (most recent call last):
  File ""/Users/zwong/repos/personal-projects/benchmarks/python_src/main.py"", line 13, in <module>
    from altair_bench import EXPORTS as ALTAIR_EXPORTS
  File ""/Users/zwong/repos/personal-projects/benchmarks/python_src/altair_bench.py"", line 6, in <module>
    import altair as alt
ModuleNotFoundError: No module named 'altair'"
11b58db8c2664a669ff709c2ca6e95cd,2026-05-08T19:35:20.532310+00:00,plotly,10m_histogram,,started,/Users/zwong/repos/personal-projects/benchmarks/python_src/outputs/plotly_10m_histogram.png,
11b58db8c2664a669ff709c2ca6e95cd,2026-05-08T19:35:20.532310+00:00,plotly,10m_histogram,0.027673,error,/Users/zwong/repos/personal-projects/benchmarks/python_src/outputs/plotly_10m_histogram.png,"Traceback (most recent call last):
  File ""/Users/zwong/repos/personal-projects/benchmarks/python_src/main.py"", line 13, in <module>
    from altair_bench import EXPORTS as ALTAIR_EXPORTS
  File ""/Users/zwong/repos/personal-projects/benchmarks/python_src/altair_bench.py"", line 6, in <module>
    import altair as alt
ModuleNotFoundError: No module named 'altair'"
11b58db8c2664a669ff709c2ca6e95cd,2026-05-08T19:35:20.532310+00:00,plotly,500k_scatter,,started,/Users/zwong/repos/personal-projects/benchmarks/python_src/outputs/plotly_500k_scatter.png,
11b58db8c2664a669ff709c2ca6e95cd,2026-05-08T19:35:20.532310+00:00,plotly,500k_scatter,0.027739,error,/Users/zwong/repos/personal-projects/benchmarks/python_src/outputs/plotly_500k_scatter.png,"Traceback (most recent call last):
  File ""/Users/zwong/repos/personal-projects/benchmarks/python_src/main.py"", line 13, in <module>
    from altair_bench import EXPORTS as ALTAIR_EXPORTS
  File ""/Users/zwong/repos/personal-projects/benchmarks/python_src/altair_bench.py"", line 6, in <module>
    import altair as alt
ModuleNotFoundError: No module named 'altair'"
11b58db8c2664a669ff709c2ca6e95cd,2026-05-08T19:35:20.532310+00:00,plotly,5m_scatter,,started,/Users/zwong/repos/personal-projects/benchmarks/python_src/outputs/plotly_5m_scatter.png,
11b58db8c2664a669ff709c2ca6e95cd,2026-05-08T19:35:20.532310+00:00,plotly,5m_scatter,0.027216,error,/Users/zwong/repos/personal-projects/benchmarks/python_src/outputs/plotly_5m_scatter.png,"Traceback (most recent call last):
  File ""/Users/zwong/repos/personal-projects/benchmarks/python_src/main.py"", line 13, in <module>
    from altair_bench import EXPORTS as ALTAIR_EXPORTS
  File ""/Users/zwong/repos/personal-projects/benchmarks/python_src/altair_bench.py"", line 6, in <module>
    import altair as alt
ModuleNotFoundError: No module named 'altair'"
037bf9ae57ee4654b3360e85e57af0fe,2026-05-08T19:35:20.921335+00:00,matplotlib,85k_line,,started,/Users/zwong/repos/personal-projects/benchmarks/python_src/outputs/matplotlib_85k_line.png,
037bf9ae57ee4654b3360e85e57af0fe,2026-05-08T19:35:20.921335+00:00,matplotlib,85k_line,0.026496,error,/Users/zwong/repos/personal-projects/benchmarks/python_src/outputs/matplotlib_85k_line.png,"Traceback (most recent call last):
  File ""/Users/zwong/repos/personal-projects/benchmarks/python_src/main.py"", line 13, in <module>
    from altair_bench import EXPORTS as ALTAIR_EXPORTS
  File ""/Users/zwong/repos/personal-projects/benchmarks/python_src/altair_bench.py"", line 6, in <module>
    import altair as alt
ModuleNotFoundError: No module named 'altair'"
037bf9ae57ee4654b3360e85e57af0fe,2026-05-08T19:35:20.921335+00:00,matplotlib,170k_line,,started,/Users/zwong/repos/personal-projects/benchmarks/python_src/outputs/matplotlib_170k_line.png,
037bf9ae57ee4654b3360e85e57af0fe,2026-05-08T19:35:20.921335+00:00,matplotlib,170k_line,0.026548,error,/Users/zwong/repos/personal-projects/benchmarks/python_src/outputs/matplotlib_170k_line.png,"Traceback (most recent call last):
  File ""/Users/zwong/repos/personal-projects/benchmarks/python_src/main.py"", line 13, in <module>
    from altair_bench import EXPORTS as ALTAIR_EXPORTS
  File ""/Users/zwong/repos/personal-projects/benchmarks/python_src/altair_bench.py"", line 6, in <module>
    import altair as alt
ModuleNotFoundError: No module named 'altair'"
037bf9ae57ee4654b3360e85e57af0fe,2026-05-08T19:35:20.921335+00:00,matplotlib,850k_line,,started,/Users/zwong/repos/personal-projects/benchmarks/python_src/outputs/matplotlib_850k_line.png,
037bf9ae57ee4654b3360e85e57af0fe,2026-05-08T19:35:20.921335+00:00,matplotlib,850k_line,0.026763,error,/Users/zwong/repos/personal-projects/benchmarks/python_src/outputs/matplotlib_850k_line.png,"Traceback (most recent call last):
  File ""/Users/zwong/repos/personal-projects/benchmarks/python_src/main.py"", line 13, in <module>
    from altair_bench import EXPORTS as ALTAIR_EXPORTS
  File ""/Users/zwong/repos/personal-projects/benchmarks/python_src/altair_bench.py"", line 6, in <module>
    import altair as alt
ModuleNotFoundError: No module named 'altair'"
037bf9ae57ee4654b3360e85e57af0fe,2026-05-08T19:35:20.921335+00:00,matplotlib,1m_histogram,,started,/Users/zwong/repos/personal-projects/benchmarks/python_src/outputs/matplotlib_1m_histogram.png,
037bf9ae57ee4654b3360e85e57af0fe,2026-05-08T19:35:20.921335+00:00,matplotlib,1m_histogram,0.027217,error,/Users/zwong/repos/personal-projects/benchmarks/python_src/outputs/matplotlib_1m_histogram.png,"Traceback (most recent call last):
  File ""/Users/zwong/repos/personal-projects/benchmarks/python_src/main.py"", line 13, in <module>
    from altair_bench import EXPORTS as ALTAIR_EXPORTS
  File ""/Users/zwong/repos/personal-projects/benchmarks/python_src/altair_bench.py"", line 6, in <module>
    import altair as alt
ModuleNotFoundError: No module named 'altair'"
037bf9ae57ee4654b3360e85e57af0fe,2026-05-08T19:35:20.921335+00:00,matplotlib,10m_histogram,,started,/Users/zwong/repos/personal-projects/benchmarks/python_src/outputs/matplotlib_10m_histogram.png,
037bf9ae57ee4654b3360e85e57af0fe,2026-05-08T19:35:20.921335+00:00,matplotlib,10m_histogram,0.026237,error,/Users/zwong/repos/personal-projects/benchmarks/python_src/outputs/matplotlib_10m_histogram.png,"Traceback (most recent call last):
  File ""/Users/zwong/repos/personal-projects/benchmarks/python_src/main.py"", line 13, in <module>
    from altair_bench import EXPORTS as ALTAIR_EXPORTS
  File ""/Users/zwong/repos/personal-projects/benchmarks/python_src/altair_bench.py"", line 6, in <module>
    import altair as alt
ModuleNotFoundError: No module named 'altair'"
037bf9ae57ee4654b3360e85e57af0fe,2026-05-08T19:35:20.921335+00:00,matplotlib,500k_scatter,,started,/Users/zwong/repos/personal-projects/benchmarks/python_src/outputs/matplotlib_500k_scatter.png,
037bf9ae57ee4654b3360e85e57af0fe,2026-05-08T19:35:20.921335+00:00,matplotlib,500k_scatter,0.026824,error,/Users/zwong/repos/personal-projects/benchmarks/python_src/outputs/matplotlib_500k_scatter.png,"Traceback (most recent call last):
  File ""/Users/zwong/repos/personal-projects/benchmarks/python_src/main.py"", line 13, in <module>
    from altair_bench import EXPORTS as ALTAIR_EXPORTS
  File ""/Users/zwong/repos/personal-projects/benchmarks/python_src/altair_bench.py"", line 6, in <module>
    import altair as alt
ModuleNotFoundError: No module named 'altair'"
037bf9ae57ee4654b3360e85e57af0fe,2026-05-08T19:35:20.921335+00:00,matplotlib,5m_scatter,,started,/Users/zwong/repos/personal-projects/benchmarks/python_src/outputs/matplotlib_5m_scatter.png,
037bf9ae57ee4654b3360e85e57af0fe,2026-05-08T19:35:20.921335+00:00,matplotlib,5m_scatter,0.027571,error,/Users/zwong/repos/personal-projects/benchmarks/python_src/outputs/matplotlib_5m_scatter.png,"Traceback (most recent call last):
  File ""/Users/zwong/repos/personal-projects/benchmarks/python_src/main.py"", line 13, in <module>
    from altair_bench import EXPORTS as ALTAIR_EXPORTS
  File ""/Users/zwong/repos/personal-projects/benchmarks/python_src/altair_bench.py"", line 6, in <module>
    import altair as alt
ModuleNotFoundError: No module named 'altair'"
037bf9ae57ee4654b3360e85e57af0fe,2026-05-08T19:35:20.921335+00:00,plotly,85k_line,,started,/Users/zwong/repos/personal-projects/benchmarks/python_src/outputs/plotly_85k_line.png,
037bf9ae57ee4654b3360e85e57af0fe,2026-05-08T19:35:20.921335+00:00,plotly,85k_line,0.026265,error,/Users/zwong/repos/personal-projects/benchmarks/python_src/outputs/plotly_85k_line.png,"Traceback (most recent call last):
  File ""/Users/zwong/repos/personal-projects/benchmarks/python_src/main.py"", line 13, in <module>
    from altair_bench import EXPORTS as ALTAIR_EXPORTS
  File ""/Users/zwong/repos/personal-projects/benchmarks/python_src/altair_bench.py"", line 6, in <module>
    import altair as alt
ModuleNotFoundError: No module named 'altair'"
037bf9ae57ee4654b3360e85e57af0fe,2026-05-08T19:35:20.921335+00:00,plotly,170k_line,,started,/Users/zwong/repos/personal-projects/benchmarks/python_src/outputs/plotly_170k_line.png,
037bf9ae57ee4654b3360e85e57af0fe,2026-05-08T19:35:20.921335+00:00,plotly,170k_line,0.028190,error,/Users/zwong/repos/personal-projects/benchmarks/python_src/outputs/plotly_170k_line.png,"Traceback (most recent call last):
  File ""/Users/zwong/repos/personal-projects/benchmarks/python_src/main.py"", line 13, in <module>
    from altair_bench import EXPORTS as ALTAIR_EXPORTS
  File ""/Users/zwong/repos/personal-projects/benchmarks/python_src/altair_bench.py"", line 6, in <module>
    import altair as alt
ModuleNotFoundError: No module named 'altair'"
037bf9ae57ee4654b3360e85e57af0fe,2026-05-08T19:35:20.921335+00:00,plotly,850k_line,,started,/Users/zwong/repos/personal-projects/benchmarks/python_src/outputs/plotly_850k_line.png,
037bf9ae57ee4654b3360e85e57af0fe,2026-05-08T19:35:20.921335+00:00,plotly,850k_line,0.026622,error,/Users/zwong/repos/personal-projects/benchmarks/python_src/outputs/plotly_850k_line.png,"Traceback (most recent call last):
  File ""/Users/zwong/repos/personal-projects/benchmarks/python_src/main.py"", line 13, in <module>
    from altair_bench import EXPORTS as ALTAIR_EXPORTS
  File ""/Users/zwong/repos/personal-projects/benchmarks/python_src/altair_bench.py"", line 6, in <module>
    import altair as alt
ModuleNotFoundError: No module named 'altair'"
037bf9ae57ee4654b3360e85e57af0fe,2026-05-08T19:35:20.921335+00:00,plotly,1m_histogram,,started,/Users/zwong/repos/personal-projects/benchmarks/python_src/outputs/plotly_1m_histogram.png,
037bf9ae57ee4654b3360e85e57af0fe,2026-05-08T19:35:20.921335+00:00,plotly,1m_histogram,0.027904,error,/Users/zwong/repos/personal-projects/benchmarks/python_src/outputs/plotly_1m_histogram.png,"Traceback (most recent call last):
  File ""/Users/zwong/repos/personal-projects/benchmarks/python_src/main.py"", line 13, in <module>
    from altair_bench import EXPORTS as ALTAIR_EXPORTS
  File ""/Users/zwong/repos/personal-projects/benchmarks/python_src/altair_bench.py"", line 6, in <module>
    import altair as alt
ModuleNotFoundError: No module named 'altair'"
037bf9ae57ee4654b3360e85e57af0fe,2026-05-08T19:35:20.921335+00:00,plotly,10m_histogram,,started,/Users/zwong/repos/personal-projects/benchmarks/python_src/outputs/plotly_10m_histogram.png,
037bf9ae57ee4654b3360e85e57af0fe,2026-05-08T19:35:20.921335+00:00,plotly,10m_histogram,0.027558,error,/Users/zwong/repos/personal-projects/benchmarks/python_src/outputs/plotly_10m_histogram.png,"Traceback (most recent call last):
  File ""/Users/zwong/repos/personal-projects/benchmarks/python_src/main.py"", line 13, in <module>
    from altair_bench import EXPORTS as ALTAIR_EXPORTS
  File ""/Users/zwong/repos/personal-projects/benchmarks/python_src/altair_bench.py"", line 6, in <module>
    import altair as alt
ModuleNotFoundError: No module named 'altair'"
037bf9ae57ee4654b3360e85e57af0fe,2026-05-08T19:35:20.921335+00:00,plotly,500k_scatter,,started,/Users/zwong/repos/personal-projects/benchmarks/python_src/outputs/plotly_500k_scatter.png,
037bf9ae57ee4654b3360e85e57af0fe,2026-05-08T19:35:20.921335+00:00,plotly,500k_scatter,0.027510,error,/Users/zwong/repos/personal-projects/benchmarks/python_src/outputs/plotly_500k_scatter.png,"Traceback (most recent call last):
  File ""/Users/zwong/repos/personal-projects/benchmarks/python_src/main.py"", line 13, in <module>
    from altair_bench import EXPORTS as ALTAIR_EXPORTS
  File ""/Users/zwong/repos/personal-projects/benchmarks/python_src/altair_bench.py"", line 6, in <module>
    import altair as alt
ModuleNotFoundError: No module named 'altair'"
037bf9ae57ee4654b3360e85e57af0fe,2026-05-08T19:35:20.921335+00:00,plotly,5m_scatter,,started,/Users/zwong/repos/personal-projects/benchmarks/python_src/outputs/plotly_5m_scatter.png,
037bf9ae57ee4654b3360e85e57af0fe,2026-05-08T19:35:20.921335+00:00,plotly,5m_scatter,0.027368,error,/Users/zwong/repos/personal-projects/benchmarks/python_src/outputs/plotly_5m_scatter.png,"Traceback (most recent call last):
  File ""/Users/zwong/repos/personal-projects/benchmarks/python_src/main.py"", line 13, in <module>
    from altair_bench import EXPORTS as ALTAIR_EXPORTS
  File ""/Users/zwong/repos/personal-projects/benchmarks/python_src/altair_bench.py"", line 6, in <module>
    import altair as alt
ModuleNotFoundError: No module named 'altair'"
3fd2478ca1ac40fb821a0e4688fec5c6,2026-05-08T19:42:38.581432+00:00,matplotlib,85k_line,,started,/Users/zwong/repos/personal-projects/benchmarks/python_src/outputs/matplotlib_85k_line.png,
3fd2478ca1ac40fb821a0e4688fec5c6,2026-05-08T19:42:38.581432+00:00,matplotlib,85k_line,0.689674,ok,/Users/zwong/repos/personal-projects/benchmarks/python_src/outputs/matplotlib_85k_line.png,
3fd2478ca1ac40fb821a0e4688fec5c6,2026-05-08T19:42:38.581432+00:00,matplotlib,170k_line,,started,/Users/zwong/repos/personal-projects/benchmarks/python_src/outputs/matplotlib_170k_line.png,
3fd2478ca1ac40fb821a0e4688fec5c6,2026-05-08T19:42:38.581432+00:00,matplotlib,170k_line,0.801612,ok,/Users/zwong/repos/personal-projects/benchmarks/python_src/outputs/matplotlib_170k_line.png,
3fd2478ca1ac40fb821a0e4688fec5c6,2026-05-08T19:42:38.581432+00:00,matplotlib,850k_line,,started,/Users/zwong/repos/personal-projects/benchmarks/python_src/outputs/matplotlib_850k_line.png,
3fd2478ca1ac40fb821a0e4688fec5c6,2026-05-08T19:42:38.581432+00:00,matplotlib,850k_line,0.991807,ok,/Users/zwong/repos/personal-projects/benchmarks/python_src/outputs/matplotlib_850k_line.png,
3fd2478ca1ac40fb821a0e4688fec5c6,2026-05-08T19:42:38.581432+00:00,matplotlib,1m_histogram,,started,/Users/zwong/repos/personal-projects/benchmarks/python_src/outputs/matplotlib_1m_histogram.png,
3fd2478ca1ac40fb821a0e4688fec5c6,2026-05-08T19:42:38.581432+00:00,matplotlib,1m_histogram,0.864600,ok,/Users/zwong/repos/personal-projects/benchmarks/python_src/outputs/matplotlib_1m_histogram.png,
3fd2478ca1ac40fb821a0e4688fec5c6,2026-05-08T19:42:38.581432+00:00,matplotlib,10m_histogram,,started,/Users/zwong/repos/personal-projects/benchmarks/python_src/outputs/matplotlib_10m_histogram.png,
3fd2478ca1ac40fb821a0e4688fec5c6,2026-05-08T19:42:38.581432+00:00,matplotlib,10m_histogram,5.175669,ok,/Users/zwong/repos/personal-projects/benchmarks/python_src/outputs/matplotlib_10m_histogram.png,
3fd2478ca1ac40fb821a0e4688fec5c6,2026-05-08T19:42:38.581432+00:00,matplotlib,500k_scatter,,started,/Users/zwong/repos/personal-projects/benchmarks/python_src/outputs/matplotlib_500k_scatter.png,
3fd2478ca1ac40fb821a0e4688fec5c6,2026-05-08T19:42:38.581432+00:00,matplotlib,500k_scatter,1.973686,ok,/Users/zwong/repos/personal-projects/benchmarks/python_src/outputs/matplotlib_500k_scatter.png,
3fd2478ca1ac40fb821a0e4688fec5c6,2026-05-08T19:42:38.581432+00:00,matplotlib,5m_scatter,,started,/Users/zwong/repos/personal-projects/benchmarks/python_src/outputs/matplotlib_5m_scatter.png,
3fd2478ca1ac40fb821a0e4688fec5c6,2026-05-08T19:42:38.581432+00:00,matplotlib,5m_scatter,16.352827,ok,/Users/zwong/repos/personal-projects/benchmarks/python_src/outputs/matplotlib_5m_scatter.png,
27079e342c62445481f35c34b17729d3,2026-05-08T19:43:05.436750+00:00,matplotlib,85k_line,,started,/Users/zwong/repos/personal-projects/benchmarks/python_src/outputs/matplotlib_85k_line.png,
27079e342c62445481f35c34b17729d3,2026-05-08T19:43:05.436750+00:00,matplotlib,85k_line,0.697115,ok,/Users/zwong/repos/personal-projects/benchmarks/python_src/outputs/matplotlib_85k_line.png,
27079e342c62445481f35c34b17729d3,2026-05-08T19:43:05.436750+00:00,matplotlib,170k_line,,started,/Users/zwong/repos/personal-projects/benchmarks/python_src/outputs/matplotlib_170k_line.png,
27079e342c62445481f35c34b17729d3,2026-05-08T19:43:05.436750+00:00,matplotlib,170k_line,0.789701,ok,/Users/zwong/repos/personal-projects/benchmarks/python_src/outputs/matplotlib_170k_line.png,
27079e342c62445481f35c34b17729d3,2026-05-08T19:43:05.436750+00:00,matplotlib,850k_line,,started,/Users/zwong/repos/personal-projects/benchmarks/python_src/outputs/matplotlib_850k_line.png,
27079e342c62445481f35c34b17729d3,2026-05-08T19:43:05.436750+00:00,matplotlib,850k_line,1.003324,ok,/Users/zwong/repos/personal-projects/benchmarks/python_src/outputs/matplotlib_850k_line.png,
27079e342c62445481f35c34b17729d3,2026-05-08T19:43:05.436750+00:00,matplotlib,1m_histogram,,started,/Users/zwong/repos/personal-projects/benchmarks/python_src/outputs/matplotlib_1m_histogram.png,
27079e342c62445481f35c34b17729d3,2026-05-08T19:43:05.436750+00:00,matplotlib,1m_histogram,0.850868,ok,/Users/zwong/repos/personal-projects/benchmarks/python_src/outputs/matplotlib_1m_histogram.png,
27079e342c62445481f35c34b17729d3,2026-05-08T19:43:05.436750+00:00,matplotlib,10m_histogram,,started,/Users/zwong/repos/personal-projects/benchmarks/python_src/outputs/matplotlib_10m_histogram.png,
27079e342c62445481f35c34b17729d3,2026-05-08T19:43:05.436750+00:00,matplotlib,10m_histogram,5.298455,ok,/Users/zwong/repos/personal-projects/benchmarks/python_src/outputs/matplotlib_10m_histogram.png,
27079e342c62445481f35c34b17729d3,2026-05-08T19:43:05.436750+00:00,matplotlib,500k_scatter,,started,/Users/zwong/repos/personal-projects/benchmarks/python_src/outputs/matplotlib_500k_scatter.png,
27079e342c62445481f35c34b17729d3,2026-05-08T19:43:05.436750+00:00,matplotlib,500k_scatter,1.980770,ok,/Users/zwong/repos/personal-projects/benchmarks/python_src/outputs/matplotlib_500k_scatter.png,
27079e342c62445481f35c34b17729d3,2026-05-08T19:43:05.436750+00:00,matplotlib,5m_scatter,,started,/Users/zwong/repos/personal-projects/benchmarks/python_src/outputs/matplotlib_5m_scatter.png,
27079e342c62445481f35c34b17729d3,2026-05-08T19:43:05.436750+00:00,matplotlib,5m_scatter,16.296772,ok,/Users/zwong/repos/personal-projects/benchmarks/python_src/outputs/matplotlib_5m_scatter.png,
fbdec30f9d1c4fd89e14eba1f504c693,2026-05-08T19:43:32.359038+00:00,matplotlib,85k_line,,started,/Users/zwong/repos/personal-projects/benchmarks/python_src/outputs/matplotlib_85k_line.png,
fbdec30f9d1c4fd89e14eba1f504c693,2026-05-08T19:43:32.359038+00:00,matplotlib,85k_line,0.683996,ok,/Users/zwong/repos/personal-projects/benchmarks/python_src/outputs/matplotlib_85k_line.png,
fbdec30f9d1c4fd89e14eba1f504c693,2026-05-08T19:43:32.359038+00:00,matplotlib,170k_line,,started,/Users/zwong/repos/personal-projects/benchmarks/python_src/outputs/matplotlib_170k_line.png,
fbdec30f9d1c4fd89e14eba1f504c693,2026-05-08T19:43:32.359038+00:00,matplotlib,170k_line,0.782990,ok,/Users/zwong/repos/personal-projects/benchmarks/python_src/outputs/matplotlib_170k_line.png,
fbdec30f9d1c4fd89e14eba1f504c693,2026-05-08T19:43:32.359038+00:00,matplotlib,850k_line,,started,/Users/zwong/repos/personal-projects/benchmarks/python_src/outputs/matplotlib_850k_line.png,
fbdec30f9d1c4fd89e14eba1f504c693,2026-05-08T19:43:32.359038+00:00,matplotlib,850k_line,0.989269,ok,/Users/zwong/repos/personal-projects/benchmarks/python_src/outputs/matplotlib_850k_line.png,
fbdec30f9d1c4fd89e14eba1f504c693,2026-05-08T19:43:32.359038+00:00,matplotlib,1m_histogram,,started,/Users/zwong/repos/personal-projects/benchmarks/python_src/outputs/matplotlib_1m_histogram.png,
fbdec30f9d1c4fd89e14eba1f504c693,2026-05-08T19:43:32.359038+00:00,matplotlib,1m_histogram,0.855872,ok,/Users/zwong/repos/personal-projects/benchmarks/python_src/outputs/matplotlib_1m_histogram.png,
fbdec30f9d1c4fd89e14eba1f504c693,2026-05-08T19:43:32.359038+00:00,matplotlib,10m_histogram,,started,/Users/zwong/repos/personal-projects/benchmarks/python_src/outputs/matplotlib_10m_histogram.png,
fbdec30f9d1c4fd89e14eba1f504c693,2026-05-08T19:43:32.359038+00:00,matplotlib,10m_histogram,5.248698,ok,/Users/zwong/repos/personal-projects/benchmarks/python_src/outputs/matplotlib_10m_histogram.png,
fbdec30f9d1c4fd89e14eba1f504c693,2026-05-08T19:43:32.359038+00:00,matplotlib,500k_scatter,,started,/Users/zwong/repos/personal-projects/benchmarks/python_src/outputs/matplotlib_500k_scatter.png,
fbdec30f9d1c4fd89e14eba1f504c693,2026-05-08T19:43:32.359038+00:00,matplotlib,500k_scatter,1.983949,ok,/Users/zwong/repos/personal-projects/benchmarks/python_src/outputs/matplotlib_500k_scatter.png,
fbdec30f9d1c4fd89e14eba1f504c693,2026-05-08T19:43:32.359038+00:00,matplotlib,5m_scatter,,started,/Users/zwong/repos/personal-projects/benchmarks/python_src/outputs/matplotlib_5m_scatter.png,
fbdec30f9d1c4fd89e14eba1f504c693,2026-05-08T19:43:32.359038+00:00,matplotlib,5m_scatter,16.387673,ok,/Users/zwong/repos/personal-projects/benchmarks/python_src/outputs/matplotlib_5m_scatter.png,
7baa9daf70b944cabda40d6bb9d96476,2026-05-08T19:43:59.296627+00:00,matplotlib,85k_line,,started,/Users/zwong/repos/personal-projects/benchmarks/python_src/outputs/matplotlib_85k_line.png,
7baa9daf70b944cabda40d6bb9d96476,2026-05-08T19:43:59.296627+00:00,matplotlib,85k_line,0.712217,ok,/Users/zwong/repos/personal-projects/benchmarks/python_src/outputs/matplotlib_85k_line.png,
7baa9daf70b944cabda40d6bb9d96476,2026-05-08T19:43:59.296627+00:00,matplotlib,170k_line,,started,/Users/zwong/repos/personal-projects/benchmarks/python_src/outputs/matplotlib_170k_line.png,
7baa9daf70b944cabda40d6bb9d96476,2026-05-08T19:43:59.296627+00:00,matplotlib,170k_line,0.807592,ok,/Users/zwong/repos/personal-projects/benchmarks/python_src/outputs/matplotlib_170k_line.png,
7baa9daf70b944cabda40d6bb9d96476,2026-05-08T19:43:59.296627+00:00,matplotlib,850k_line,,started,/Users/zwong/repos/personal-projects/benchmarks/python_src/outputs/matplotlib_850k_line.png,
7baa9daf70b944cabda40d6bb9d96476,2026-05-08T19:43:59.296627+00:00,matplotlib,850k_line,1.015273,ok,/Users/zwong/repos/personal-projects/benchmarks/python_src/outputs/matplotlib_850k_line.png,
7baa9daf70b944cabda40d6bb9d96476,2026-05-08T19:43:59.296627+00:00,matplotlib,1m_histogram,,started,/Users/zwong/repos/personal-projects/benchmarks/python_src/outputs/matplotlib_1m_histogram.png,
7baa9daf70b944cabda40d6bb9d96476,2026-05-08T19:43:59.296627+00:00,matplotlib,1m_histogram,0.864618,ok,/Users/zwong/repos/personal-projects/benchmarks/python_src/outputs/matplotlib_1m_histogram.png,
7baa9daf70b944cabda40d6bb9d96476,2026-05-08T19:43:59.296627+00:00,matplotlib,10m_histogram,,started,/Users/zwong/repos/personal-projects/benchmarks/python_src/outputs/matplotlib_10m_histogram.png,
7baa9daf70b944cabda40d6bb9d96476,2026-05-08T19:43:59.296627+00:00,matplotlib,10m_histogram,5.428160,ok,/Users/zwong/repos/personal-projects/benchmarks/python_src/outputs/matplotlib_10m_histogram.png,
7baa9daf70b944cabda40d6bb9d96476,2026-05-08T19:43:59.296627+00:00,matplotlib,500k_scatter,,started,/Users/zwong/repos/personal-projects/benchmarks/python_src/outputs/matplotlib_500k_scatter.png,
7baa9daf70b944cabda40d6bb9d96476,2026-05-08T19:43:59.296627+00:00,matplotlib,500k_scatter,2.055964,ok,/Users/zwong/repos/personal-projects/benchmarks/python_src/outputs/matplotlib_500k_scatter.png,
7baa9daf70b944cabda40d6bb9d96476,2026-05-08T19:43:59.296627+00:00,matplotlib,5m_scatter,,started,/Users/zwong/repos/personal-projects/benchmarks/python_src/outputs/matplotlib_5m_scatter.png,
7baa9daf70b944cabda40d6bb9d96476,2026-05-08T19:43:59.296627+00:00,matplotlib,5m_scatter,16.466386,ok,/Users/zwong/repos/personal-projects/benchmarks/python_src/outputs/matplotlib_5m_scatter.png,
cfe5e0952b574986bc0994c82ecc998f,2026-05-08T19:52:09.630000+00:00,plotly,85k_line,,started,/Users/zwong/repos/personal-projects/benchmarks/python_src/outputs/plotly_85k_line.png,
cfe5e0952b574986bc0994c82ecc998f,2026-05-08T19:52:09.630000+00:00,plotly,85k_line,2.432857,ok,/Users/zwong/repos/personal-projects/benchmarks/python_src/outputs/plotly_85k_line.png,
cfe5e0952b574986bc0994c82ecc998f,2026-05-08T19:52:09.630000+00:00,plotly,170k_line,,started,/Users/zwong/repos/personal-projects/benchmarks/python_src/outputs/plotly_170k_line.png,
cfe5e0952b574986bc0994c82ecc998f,2026-05-08T19:52:09.630000+00:00,plotly,170k_line,2.465814,ok,/Users/zwong/repos/personal-projects/benchmarks/python_src/outputs/plotly_170k_line.png,
cfe5e0952b574986bc0994c82ecc998f,2026-05-08T19:52:09.630000+00:00,plotly,850k_line,,started,/Users/zwong/repos/personal-projects/benchmarks/python_src/outputs/plotly_850k_line.png,
cfe5e0952b574986bc0994c82ecc998f,2026-05-08T19:52:09.630000+00:00,plotly,850k_line,3.549965,ok,/Users/zwong/repos/personal-projects/benchmarks/python_src/outputs/plotly_850k_line.png,
cfe5e0952b574986bc0994c82ecc998f,2026-05-08T19:52:09.630000+00:00,plotly,1m_histogram,,started,/Users/zwong/repos/personal-projects/benchmarks/python_src/outputs/plotly_1m_histogram.png,
cfe5e0952b574986bc0994c82ecc998f,2026-05-08T19:52:09.630000+00:00,plotly,1m_histogram,2.960144,ok,/Users/zwong/repos/personal-projects/benchmarks/python_src/outputs/plotly_1m_histogram.png,
cfe5e0952b574986bc0994c82ecc998f,2026-05-08T19:52:09.630000+00:00,plotly,10m_histogram,,started,/Users/zwong/repos/personal-projects/benchmarks/python_src/outputs/plotly_10m_histogram.png,
cfe5e0952b574986bc0994c82ecc998f,2026-05-08T19:52:09.630000+00:00,plotly,10m_histogram,10.013807,ok,/Users/zwong/repos/personal-projects/benchmarks/python_src/outputs/plotly_10m_histogram.png,
cfe5e0952b574986bc0994c82ecc998f,2026-05-08T19:52:09.630000+00:00,plotly,500k_scatter,,started,/Users/zwong/repos/personal-projects/benchmarks/python_src/outputs/plotly_500k_scatter.png,
cfe5e0952b574986bc0994c82ecc998f,2026-05-08T19:52:09.630000+00:00,plotly,500k_scatter,3.772069,ok,/Users/zwong/repos/personal-projects/benchmarks/python_src/outputs/plotly_500k_scatter.png,
cfe5e0952b574986bc0994c82ecc998f,2026-05-08T19:52:09.630000+00:00,plotly,5m_scatter,,started,/Users/zwong/repos/personal-projects/benchmarks/python_src/outputs/plotly_5m_scatter.png,
cfe5e0952b574986bc0994c82ecc998f,2026-05-08T19:52:09.630000+00:00,plotly,5m_scatter,120.058105,timeout,/Users/zwong/repos/personal-projects/benchmarks/python_src/outputs/plotly_5m_scatter.png,timed out after 120s
4597711d445d46dfb645f803d318912c,2026-05-08T19:54:34.888661+00:00,plotly,85k_line,,started,/Users/zwong/repos/personal-projects/benchmarks/python_src/outputs/plotly_85k_line.png,
4597711d445d46dfb645f803d318912c,2026-05-08T19:54:34.888661+00:00,plotly,85k_line,2.464127,ok,/Users/zwong/repos/personal-projects/benchmarks/python_src/outputs/plotly_85k_line.png,
4597711d445d46dfb645f803d318912c,2026-05-08T19:54:34.888661+00:00,plotly,170k_line,,started,/Users/zwong/repos/personal-projects/benchmarks/python_src/outputs/plotly_170k_line.png,
4597711d445d46dfb645f803d318912c,2026-05-08T19:54:34.888661+00:00,plotly,170k_line,2.467049,ok,/Users/zwong/repos/personal-projects/benchmarks/python_src/outputs/plotly_170k_line.png,
4597711d445d46dfb645f803d318912c,2026-05-08T19:54:34.888661+00:00,plotly,850k_line,,started,/Users/zwong/repos/personal-projects/benchmarks/python_src/outputs/plotly_850k_line.png,
4597711d445d46dfb645f803d318912c,2026-05-08T19:54:34.888661+00:00,plotly,850k_line,3.571724,ok,/Users/zwong/repos/personal-projects/benchmarks/python_src/outputs/plotly_850k_line.png,
4597711d445d46dfb645f803d318912c,2026-05-08T19:54:34.888661+00:00,plotly,1m_histogram,,started,/Users/zwong/repos/personal-projects/benchmarks/python_src/outputs/plotly_1m_histogram.png,
4597711d445d46dfb645f803d318912c,2026-05-08T19:54:34.888661+00:00,plotly,1m_histogram,2.993903,ok,/Users/zwong/repos/personal-projects/benchmarks/python_src/outputs/plotly_1m_histogram.png,
4597711d445d46dfb645f803d318912c,2026-05-08T19:54:34.888661+00:00,plotly,10m_histogram,,started,/Users/zwong/repos/personal-projects/benchmarks/python_src/outputs/plotly_10m_histogram.png,
4597711d445d46dfb645f803d318912c,2026-05-08T19:54:34.888661+00:00,plotly,10m_histogram,9.853572,ok,/Users/zwong/repos/personal-projects/benchmarks/python_src/outputs/plotly_10m_histogram.png,
4597711d445d46dfb645f803d318912c,2026-05-08T19:54:34.888661+00:00,plotly,500k_scatter,,started,/Users/zwong/repos/personal-projects/benchmarks/python_src/outputs/plotly_500k_scatter.png,
4597711d445d46dfb645f803d318912c,2026-05-08T19:54:34.888661+00:00,plotly,500k_scatter,3.810003,ok,/Users/zwong/repos/personal-projects/benchmarks/python_src/outputs/plotly_500k_scatter.png,
4597711d445d46dfb645f803d318912c,2026-05-08T19:54:34.888661+00:00,plotly,5m_scatter,,started,/Users/zwong/repos/personal-projects/benchmarks/python_src/outputs/plotly_5m_scatter.png,
4597711d445d46dfb645f803d318912c,2026-05-08T19:54:34.888661+00:00,plotly,5m_scatter,120.057082,timeout,/Users/zwong/repos/personal-projects/benchmarks/python_src/outputs/plotly_5m_scatter.png,timed out after 120s
b45db7e79a9e475b97b2a4e55a17d15f,2026-05-08T19:57:00.111027+00:00,plotly,85k_line,,started,/Users/zwong/repos/personal-projects/benchmarks/python_src/outputs/plotly_85k_line.png,
b45db7e79a9e475b97b2a4e55a17d15f,2026-05-08T19:57:00.111027+00:00,plotly,85k_line,2.461844,ok,/Users/zwong/repos/personal-projects/benchmarks/python_src/outputs/plotly_85k_line.png,
b45db7e79a9e475b97b2a4e55a17d15f,2026-05-08T19:57:00.111027+00:00,plotly,170k_line,,started,/Users/zwong/repos/personal-projects/benchmarks/python_src/outputs/plotly_170k_line.png,
b45db7e79a9e475b97b2a4e55a17d15f,2026-05-08T19:57:00.111027+00:00,plotly,170k_line,2.527041,ok,/Users/zwong/repos/personal-projects/benchmarks/python_src/outputs/plotly_170k_line.png,
b45db7e79a9e475b97b2a4e55a17d15f,2026-05-08T19:57:00.111027+00:00,plotly,850k_line,,started,/Users/zwong/repos/personal-projects/benchmarks/python_src/outputs/plotly_850k_line.png,
b45db7e79a9e475b97b2a4e55a17d15f,2026-05-08T19:57:00.111027+00:00,plotly,850k_line,3.609151,ok,/Users/zwong/repos/personal-projects/benchmarks/python_src/outputs/plotly_850k_line.png,
b45db7e79a9e475b97b2a4e55a17d15f,2026-05-08T19:57:00.111027+00:00,plotly,1m_histogram,,started,/Users/zwong/repos/personal-projects/benchmarks/python_src/outputs/plotly_1m_histogram.png,
b45db7e79a9e475b97b2a4e55a17d15f,2026-05-08T19:57:00.111027+00:00,plotly,1m_histogram,2.930793,ok,/Users/zwong/repos/personal-projects/benchmarks/python_src/outputs/plotly_1m_histogram.png,
b45db7e79a9e475b97b2a4e55a17d15f,2026-05-08T19:57:00.111027+00:00,plotly,10m_histogram,,started,/Users/zwong/repos/personal-projects/benchmarks/python_src/outputs/plotly_10m_histogram.png,
b45db7e79a9e475b97b2a4e55a17d15f,2026-05-08T19:57:00.111027+00:00,plotly,10m_histogram,9.797484,ok,/Users/zwong/repos/personal-projects/benchmarks/python_src/outputs/plotly_10m_histogram.png,
b45db7e79a9e475b97b2a4e55a17d15f,2026-05-08T19:57:00.111027+00:00,plotly,500k_scatter,,started,/Users/zwong/repos/personal-projects/benchmarks/python_src/outputs/plotly_500k_scatter.png,
b45db7e79a9e475b97b2a4e55a17d15f,2026-05-08T19:57:00.111027+00:00,plotly,500k_scatter,3.794621,ok,/Users/zwong/repos/personal-projects/benchmarks/python_src/outputs/plotly_500k_scatter.png,
b45db7e79a9e475b97b2a4e55a17d15f,2026-05-08T19:57:00.111027+00:00,plotly,5m_scatter,,started,/Users/zwong/repos/personal-projects/benchmarks/python_src/outputs/plotly_5m_scatter.png,
b45db7e79a9e475b97b2a4e55a17d15f,2026-05-08T19:57:00.111027+00:00,plotly,5m_scatter,120.050950,timeout,/Users/zwong/repos/personal-projects/benchmarks/python_src/outputs/plotly_5m_scatter.png,timed out after 120s
4cd4bc5a40e0467c9c6827bca2631532,2026-05-08T19:59:25.288030+00:00,plotly,85k_line,,started,/Users/zwong/repos/personal-projects/benchmarks/python_src/outputs/plotly_85k_line.png,
4cd4bc5a40e0467c9c6827bca2631532,2026-05-08T19:59:25.288030+00:00,plotly,85k_line,2.436728,ok,/Users/zwong/repos/personal-projects/benchmarks/python_src/outputs/plotly_85k_line.png,
4cd4bc5a40e0467c9c6827bca2631532,2026-05-08T19:59:25.288030+00:00,plotly,170k_line,,started,/Users/zwong/repos/personal-projects/benchmarks/python_src/outputs/plotly_170k_line.png,
4cd4bc5a40e0467c9c6827bca2631532,2026-05-08T19:59:25.288030+00:00,plotly,170k_line,2.471205,ok,/Users/zwong/repos/personal-projects/benchmarks/python_src/outputs/plotly_170k_line.png,
4cd4bc5a40e0467c9c6827bca2631532,2026-05-08T19:59:25.288030+00:00,plotly,850k_line,,started,/Users/zwong/repos/personal-projects/benchmarks/python_src/outputs/plotly_850k_line.png,
4cd4bc5a40e0467c9c6827bca2631532,2026-05-08T19:59:25.288030+00:00,plotly,850k_line,3.544878,ok,/Users/zwong/repos/personal-projects/benchmarks/python_src/outputs/plotly_850k_line.png,
4cd4bc5a40e0467c9c6827bca2631532,2026-05-08T19:59:25.288030+00:00,plotly,1m_histogram,,started,/Users/zwong/repos/personal-projects/benchmarks/python_src/outputs/plotly_1m_histogram.png,
4cd4bc5a40e0467c9c6827bca2631532,2026-05-08T19:59:25.288030+00:00,plotly,1m_histogram,2.959769,ok,/Users/zwong/repos/personal-projects/benchmarks/python_src/outputs/plotly_1m_histogram.png,
4cd4bc5a40e0467c9c6827bca2631532,2026-05-08T19:59:25.288030+00:00,plotly,10m_histogram,,started,/Users/zwong/repos/personal-projects/benchmarks/python_src/outputs/plotly_10m_histogram.png,
4cd4bc5a40e0467c9c6827bca2631532,2026-05-08T19:59:25.288030+00:00,plotly,10m_histogram,9.837804,ok,/Users/zwong/repos/personal-projects/benchmarks/python_src/outputs/plotly_10m_histogram.png,
4cd4bc5a40e0467c9c6827bca2631532,2026-05-08T19:59:25.288030+00:00,plotly,500k_scatter,,started,/Users/zwong/repos/personal-projects/benchmarks/python_src/outputs/plotly_500k_scatter.png,
4cd4bc5a40e0467c9c6827bca2631532,2026-05-08T19:59:25.288030+00:00,plotly,500k_scatter,3.801800,ok,/Users/zwong/repos/personal-projects/benchmarks/python_src/outputs/plotly_500k_scatter.png,
4cd4bc5a40e0467c9c6827bca2631532,2026-05-08T19:59:25.288030+00:00,plotly,5m_scatter,,started,/Users/zwong/repos/personal-projects/benchmarks/python_src/outputs/plotly_5m_scatter.png,
2f7b3aa45ee948ce81083fb19347561f,2026-05-08T20:01:32.640464+00:00,altair,85k_line,,started,/Users/zwong/repos/personal-projects/benchmarks/python_src/outputs/altair_85k_line.png,
2f7b3aa45ee948ce81083fb19347561f,2026-05-08T20:01:32.640464+00:00,altair,85k_line,1.495495,ok,/Users/zwong/repos/personal-projects/benchmarks/python_src/outputs/altair_85k_line.png,
2f7b3aa45ee948ce81083fb19347561f,2026-05-08T20:01:32.640464+00:00,altair,170k_line,,started,/Users/zwong/repos/personal-projects/benchmarks/python_src/outputs/altair_170k_line.png,
2f7b3aa45ee948ce81083fb19347561f,2026-05-08T20:01:32.640464+00:00,altair,170k_line,2.393607,ok,/Users/zwong/repos/personal-projects/benchmarks/python_src/outputs/altair_170k_line.png,
2f7b3aa45ee948ce81083fb19347561f,2026-05-08T20:01:32.640464+00:00,altair,850k_line,,started,/Users/zwong/repos/personal-projects/benchmarks/python_src/outputs/altair_850k_line.png,
2f7b3aa45ee948ce81083fb19347561f,2026-05-08T20:01:32.640464+00:00,altair,850k_line,13.183155,ok,/Users/zwong/repos/personal-projects/benchmarks/python_src/outputs/altair_850k_line.png,
2f7b3aa45ee948ce81083fb19347561f,2026-05-08T20:01:32.640464+00:00,altair,1m_histogram,,started,/Users/zwong/repos/personal-projects/benchmarks/python_src/outputs/altair_1m_histogram.png,
4cd4bc5a40e0467c9c6827bca2631532,2026-05-08T19:59:25.288030+00:00,plotly,5m_scatter,120.039913,timeout,/Users/zwong/repos/personal-projects/benchmarks/python_src/outputs/plotly_5m_scatter.png,timed out after 120s
2f7b3aa45ee948ce81083fb19347561f,2026-05-08T20:01:32.640464+00:00,altair,1m_histogram,2.018421,ok,/Users/zwong/repos/personal-projects/benchmarks/python_src/outputs/altair_1m_histogram.png,
2f7b3aa45ee948ce81083fb19347561f,2026-05-08T20:01:32.640464+00:00,altair,10m_histogram,,started,/Users/zwong/repos/personal-projects/benchmarks/python_src/outputs/altair_10m_histogram.png,
2f7b3aa45ee948ce81083fb19347561f,2026-05-08T20:01:32.640464+00:00,altair,10m_histogram,25.410088,error,/Users/zwong/repos/personal-projects/benchmarks/python_src/outputs/altair_10m_histogram.png,"<--- Last few GCs --->

[84173:0x1300c0000]    10993 ms: Scavenge (reduce) (interleaved) 1393.9 (1399.0) -> 1393.9 (1396.5) MB, pooled: 0 MB, 3.04 / 0.00 ms  (average mu = 0.179, current mu = 0.123) allocation failure; 
[84173:0x1300c0000]    11243 ms: Mark-Compact (reduce) 1393.9 (1396.5) -> 1393.9 (1395.8) MB, pooled: 0 MB, 250.50 / 0.00 ms  (+ 0.5 ms in 0 steps since start of marking, biggest step 0.0 ms, walltime since start of marking 256 ms) (average mu = 0.141, cu

<--- JS stacktrace --->



#
# Fatal JavaScript out of memory: Ineffective mark-compacts near heap limit
#
==== C stack trace ===============================

    0   vl_convert.abi3.so                  0x00000003ade9d5a0 v8_inspector__V8Inspector__Channel__BASE__sendResponse + 77012
    1   vl_convert.abi3.so                  0x00000003adea33f8 v8_inspector__V8Inspector__Channel__BASE__sendResponse + 101164
    2   vl_convert.abi3.so                  0x00000003ade93b18 v8_inspector__V8Inspector__Channel__BASE__sendResponse + 37452
    3   vl_convert.abi3.so                  0x00000003adef7830 v8_inspector__V8Inspector__Channel__BASE__sendResponse + 446308
    4   vl_convert.abi3.so                  0x00000003ae0b72d8 v8_inspector__V8Inspector__Channel__BASE__sendResponse + 2279948
    5   vl_convert.abi3.so                  0x00000003ae0c9c3c v8_inspector__V8Inspector__Channel__BASE__sendResponse + 2356080
    6   vl_convert.abi3.so                  0x00000003ae0c94f8 v8_inspector__V8Inspector__Channel__BASE__sendResponse + 2354220
    7   vl_convert.abi3.so                  0x00000003ae911af0 v8_inspector__V8Inspector__Channel__BASE__sendResponse + 11039268
    8   vl_convert.abi3.so                  0x00000003ae0b5454 v8_inspector__V8Inspector__Channel__BASE__sendResponse + 2272136
    9   vl_convert.abi3.so                  0x00000003ae03f874 v8_inspector__V8Inspector__Channel__BASE__sendResponse + 1789864
    10  vl_convert.abi3.so                  0x00000003ae479138 v8_inspector__V8Inspector__Channel__BASE__sendResponse + 6219884
    11  vl_convert.abi3.so                  0x00000003af20b9f4 v8_inspector__V8Inspector__Channel__BASE__sendResponse + 20451624
    12  ???                                 0x00000004bc7c2764 0x0 + 20342122340
    13  vl_convert.abi3.so                  0x00000003af226648 v8_inspector__V8Inspector__Channel__BASE__sendResponse + 20561276
    14  vl_convert.abi3.so                  0x00000003af174838 v8_inspector__V8Inspector__Channel__BASE__sendResponse + 19832684
    15  vl_convert.abi3.so                  0x00000003af174838 v8_inspector__V8Inspector__Channel__BASE__sendResponse + 19832684
    16  vl_convert.abi3.so                  0x00000003af174838 v8_inspector__V8Inspector__Channel__BASE__sendResponse + 19832684
    17  vl_convert.abi3.so                  0x00000003af174838 v8_inspector__V8Inspector__Channel__BASE__sendResponse + 19832684
    18  vl_convert.abi3.so                  0x00000003af174838 v8_inspector__V8Inspector__Channel__BASE__sendResponse + 19832684
    19  vl_convert.abi3.so                  0x00000003af174838 v8_inspector__V8Inspector__Channel__BASE__sendResponse + 19832684
    20  vl_convert.abi3.so                  0x00000003af174838 v8_inspector__V8Inspector__Channel__BASE__sendResponse + 19832684
    21  vl_convert.abi3.so                  0x00000003af174838 v8_inspector__V8Inspector__Channel__BASE__sendResponse + 19832684
    22  vl_convert.abi3.so                  0x00000003af174838 v8_inspector__V8Inspector__Channel__BASE__sendResponse + 19832684
    23  vl_convert.abi3.so                  0x00000003af174838 v8_inspector__V8Inspector__Channel__BASE__sendResponse + 19832684
    24  vl_convert.abi3.so                  0x00000003af174838 v8_inspector__V8Inspector__Channel__BASE__sendResponse + 19832684
    25  vl_convert.abi3.so                  0x00000003af17250c v8_inspector__V8Inspector__Channel__BASE__sendResponse + 19823680
    26  vl_convert.abi3.so                  0x00000003af1721b0 v8_inspector__V8Inspector__Channel__BASE__sendResponse + 19822820
    27  vl_convert.abi3.so                  0x00000003ae014798 v8_inspector__V8Inspector__Channel__BASE__sendResponse + 1613516
    28  vl_convert.abi3.so                  0x00000003ae014da4 v8_inspector__V8Inspector__Channel__BASE__sendResponse + 1615064
    29  vl_convert.abi3.so                  0x00000003adefacac v8_inspector__V8Inspector__Channel__BASE__sendResponse + 459744
    30  vl_convert.abi3.so                  0x00000003ade089a4 wgpu_render_bundle_set_vertex_buffer + 7935172
    31  vl_convert.abi3.so                  0x00000003ad310438 PyInit_vl_convert + 3867704
    32  vl_convert.abi3.so                  0x00000003acf8ace0 PyInit_vl_convert + 175328
    33  vl_convert.abi3.so                  0x00000003acfa01b8 PyInit_vl_convert + 262584
    34  vl_convert.abi3.so                  0x00000003acf9f14c PyInit_vl_convert + 258380
    35  vl_convert.abi3.so                  0x00000003acf91670 PyInit_vl_convert + 202352
    36  vl_convert.abi3.so                  0x00000003acf9f050 PyInit_vl_convert + 258128
    37  vl_convert.abi3.so                  0x00000003acfa03d0 PyInit_vl_convert + 263120
    38  vl_convert.abi3.so                  0x00000003acfa0490 PyInit_vl_convert + 263312
    39  vl_convert.abi3.so                  0x00000003acf9f7fc PyInit_vl_convert + 260092
    40  vl_convert.abi3.so                  0x00000003acf9ff2c PyInit_vl_convert + 261932
    41  vl_convert.abi3.so                  0x00000003acf9fa10 PyInit_vl_convert + 260624
    42  vl_convert.abi3.so                  0x00000003acf91374 PyInit_vl_convert + 201588
    43  vl_convert.abi3.so                  0x00000003acf9412c PyInit_vl_convert + 213292
    44  vl_convert.abi3.so                  0x00000003af34a41c v8_inspector__V8Inspector__Channel__BASE__sendResponse + 21756752
    45  libsystem_pthread.dylib             0x000000019c3942e4 _pthread_start + 136
    46  libsystem_pthread.dylib             0x000000019c38f0fc thread_start + 8"
2f7b3aa45ee948ce81083fb19347561f,2026-05-08T20:01:32.640464+00:00,altair,500k_scatter,,started,/Users/zwong/repos/personal-projects/benchmarks/python_src/outputs/altair_500k_scatter.png,
2f7b3aa45ee948ce81083fb19347561f,2026-05-08T20:01:32.640464+00:00,altair,500k_scatter,10.361045,ok,/Users/zwong/repos/personal-projects/benchmarks/python_src/outputs/altair_500k_scatter.png,
2f7b3aa45ee948ce81083fb19347561f,2026-05-08T20:01:32.640464+00:00,altair,5m_scatter,,started,/Users/zwong/repos/personal-projects/benchmarks/python_src/outputs/altair_5m_scatter.png,
2f7b3aa45ee948ce81083fb19347561f,2026-05-08T20:01:32.640464+00:00,altair,5m_scatter,19.766879,error,/Users/zwong/repos/personal-projects/benchmarks/python_src/outputs/altair_5m_scatter.png,"<--- Last few GCs --->

[84176:0x110038000]     7793 ms: Scavenge (interleaved) 1354.8 (1399.0) -> 1354.7 (1409.2) MB, pooled: 0 MB, 4.50 / 0.00 ms  (average mu = 0.457, current mu = 0.344) allocation failure; 
[84176:0x110038000]     8427 ms: Mark-Compact 1361.7 (1409.2) -> 1361.6 (1417.0) MB, pooled: 0 MB, 632.67 / 0.00 ms  (average mu = 0.233, current mu = 0.018) allocation failure; scavenge might not succeed


<--- JS stacktrace --->



#
# Fatal JavaScript out of memory: Reached heap limit
#
==== C stack trace ===============================

    0   vl_convert.abi3.so                  0x000000037ba695a0 v8_inspector__V8Inspector__Channel__BASE__sendResponse + 77012
    1   vl_convert.abi3.so                  0x000000037ba6f3f8 v8_inspector__V8Inspector__Channel__BASE__sendResponse + 101164
    2   vl_convert.abi3.so                  0x000000037ba5fb18 v8_inspector__V8Inspector__Channel__BASE__sendResponse + 37452
    3   vl_convert.abi3.so                  0x000000037bac3830 v8_inspector__V8Inspector__Channel__BASE__sendResponse + 446308
    4   vl_convert.abi3.so                  0x000000037bc832d8 v8_inspector__V8Inspector__Channel__BASE__sendResponse + 2279948
    5   vl_convert.abi3.so                  0x000000037bc8164c v8_inspector__V8Inspector__Channel__BASE__sendResponse + 2272640
    6   vl_convert.abi3.so                  0x000000037bc78784 v8_inspector__V8Inspector__Channel__BASE__sendResponse + 2236088
    7   vl_convert.abi3.so                  0x000000037bc79170 v8_inspector__V8Inspector__Channel__BASE__sendResponse + 2238628
    8   vl_convert.abi3.so                  0x000000037bc5ec30 v8_inspector__V8Inspector__Channel__BASE__sendResponse + 2130788
    9   vl_convert.abi3.so                  0x000000037c04553c v8_inspector__V8Inspector__Channel__BASE__sendResponse + 6220912
    10  vl_convert.abi3.so                  0x000000037cdd79f4 v8_inspector__V8Inspector__Channel__BASE__sendResponse + 20451624
    11  ???                                 0x000000041017dd3c 0x0 + 17449868604
    12  ???                                 0x000000041017d970 0x0 + 17449867632
    13  vl_convert.abi3.so                  0x000000037cdf2648 v8_inspector__V8Inspector__Channel__BASE__sendResponse + 20561276
    14  ???                                 0x0000000410000564 0x0 + 17448306020
    15  ???                                 0x00000004100007b0 0x0 + 17448306608
    16  vl_convert.abi3.so                  0x000000037cd40838 v8_inspector__V8Inspector__Channel__BASE__sendResponse + 19832684
    17  ???                                 0x00000004101793f0 0x0 + 17449849840
    18  ???                                 0x0000000410179680 0x0 + 17449850496
    19  ???                                 0x000000041000175c 0x0 + 17448310620
    20  vl_convert.abi3.so                  0x000000037cd40838 v8_inspector__V8Inspector__Channel__BASE__sendResponse + 19832684
    21  vl_convert.abi3.so                  0x000000037cd40838 v8_inspector__V8Inspector__Channel__BASE__sendResponse + 19832684
    22  vl_convert.abi3.so                  0x000000037cd40838 v8_inspector__V8Inspector__Channel__BASE__sendResponse + 19832684
    23  vl_convert.abi3.so                  0x000000037cd40838 v8_inspector__V8Inspector__Channel__BASE__sendResponse + 19832684
    24  vl_convert.abi3.so                  0x000000037cd40838 v8_inspector__V8Inspector__Channel__BASE__sendResponse + 19832684
    25  vl_convert.abi3.so                  0x000000037cd3e50c v8_inspector__V8Inspector__Channel__BASE__sendResponse + 19823680
    26  vl_convert.abi3.so                  0x000000037cd3e1b0 v8_inspector__V8Inspector__Channel__BASE__sendResponse + 19822820
    27  vl_convert.abi3.so                  0x000000037bbe0798 v8_inspector__V8Inspector__Channel__BASE__sendResponse + 1613516
    28  vl_convert.abi3.so                  0x000000037bbe0da4 v8_inspector__V8Inspector__Channel__BASE__sendResponse + 1615064
    29  vl_convert.abi3.so                  0x000000037bac6cac v8_inspector__V8Inspector__Channel__BASE__sendResponse + 459744
    30  vl_convert.abi3.so                  0x000000037b9d49a4 wgpu_render_bundle_set_vertex_buffer + 7935172
    31  vl_convert.abi3.so                  0x000000037aedc438 PyInit_vl_convert + 3867704
    32  vl_convert.abi3.so                  0x000000037ab56ce0 PyInit_vl_convert + 175328
    33  vl_convert.abi3.so                  0x000000037ab6c1b8 PyInit_vl_convert + 262584
    34  vl_convert.abi3.so                  0x000000037ab6b14c PyInit_vl_convert + 258380
    35  vl_convert.abi3.so                  0x000000037ab5d670 PyInit_vl_convert + 202352
    36  vl_convert.abi3.so                  0x000000037ab6b050 PyInit_vl_convert + 258128
    37  vl_convert.abi3.so                  0x000000037ab6c3d0 PyInit_vl_convert + 263120
    38  vl_convert.abi3.so                  0x000000037ab6c490 PyInit_vl_convert + 263312
    39  vl_convert.abi3.so                  0x000000037ab6b7fc PyInit_vl_convert + 260092
    40  vl_convert.abi3.so                  0x000000037ab6bf2c PyInit_vl_convert + 261932
    41  vl_convert.abi3.so                  0x000000037ab6ba10 PyInit_vl_convert + 260624
    42  vl_convert.abi3.so                  0x000000037ab5d374 PyInit_vl_convert + 201588
    43  vl_convert.abi3.so                  0x000000037ab6012c PyInit_vl_convert + 213292
    44  vl_convert.abi3.so                  0x000000037cf1641c v8_inspector__V8Inspector__Channel__BASE__sendResponse + 21756752
    45  libsystem_pthread.dylib             0x000000019c3942e4 _pthread_start + 136
    46  libsystem_pthread.dylib             0x000000019c38f0fc thread_start + 8"
a678bed90a4248c8afa1e8de92c47bd2,2026-05-08T20:02:47.275892+00:00,altair,85k_line,,started,/Users/zwong/repos/personal-projects/benchmarks/python_src/outputs/altair_85k_line.png,
a678bed90a4248c8afa1e8de92c47bd2,2026-05-08T20:02:47.275892+00:00,altair,85k_line,1.447648,ok,/Users/zwong/repos/personal-projects/benchmarks/python_src/outputs/altair_85k_line.png,
a678bed90a4248c8afa1e8de92c47bd2,2026-05-08T20:02:47.275892+00:00,altair,170k_line,,started,/Users/zwong/repos/personal-projects/benchmarks/python_src/outputs/altair_170k_line.png,
a678bed90a4248c8afa1e8de92c47bd2,2026-05-08T20:02:47.275892+00:00,altair,170k_line,2.404359,ok,/Users/zwong/repos/personal-projects/benchmarks/python_src/outputs/altair_170k_line.png,
a678bed90a4248c8afa1e8de92c47bd2,2026-05-08T20:02:47.275892+00:00,altair,850k_line,,started,/Users/zwong/repos/personal-projects/benchmarks/python_src/outputs/altair_850k_line.png,
a678bed90a4248c8afa1e8de92c47bd2,2026-05-08T20:02:47.275892+00:00,altair,850k_line,12.810173,ok,/Users/zwong/repos/personal-projects/benchmarks/python_src/outputs/altair_850k_line.png,
a678bed90a4248c8afa1e8de92c47bd2,2026-05-08T20:02:47.275892+00:00,altair,1m_histogram,,started,/Users/zwong/repos/personal-projects/benchmarks/python_src/outputs/altair_1m_histogram.png,
a678bed90a4248c8afa1e8de92c47bd2,2026-05-08T20:02:47.275892+00:00,altair,1m_histogram,2.081117,ok,/Users/zwong/repos/personal-projects/benchmarks/python_src/outputs/altair_1m_histogram.png,
a678bed90a4248c8afa1e8de92c47bd2,2026-05-08T20:02:47.275892+00:00,altair,10m_histogram,,started,/Users/zwong/repos/personal-projects/benchmarks/python_src/outputs/altair_10m_histogram.png,
a678bed90a4248c8afa1e8de92c47bd2,2026-05-08T20:02:47.275892+00:00,altair,10m_histogram,24.838382,error,/Users/zwong/repos/personal-projects/benchmarks/python_src/outputs/altair_10m_histogram.png,"<--- Last few GCs --->

[84182:0x130030000]    10691 ms: Scavenge 1375.1 (1384.3) -> 1375.1 (1407.3) MB, pooled: 0 MB, 6.04 / 0.00 ms  (average mu = 0.232, current mu = 0.172) allocation failure; 
[84182:0x130030000]    10881 ms: Mark-Compact (reduce) 1376.4 (1407.3) -> 1376.4 (1378.5) MB, pooled: 0 MB, 187.46 / 0.00 ms  (+ 0.1 ms in 0 steps since start of marking, biggest step 0.0 ms, walltime since start of marking 190 ms) (average mu = 0.204, cu

<--- JS stacktrace --->



#
# Fatal JavaScript out of memory: Ineffective mark-compacts near heap limit
#
==== C stack trace ===============================

    0   vl_convert.abi3.so                  0x00000003b23fd5a0 v8_inspector__V8Inspector__Channel__BASE__sendResponse + 77012
    1   vl_convert.abi3.so                  0x00000003b24033f8 v8_inspector__V8Inspector__Channel__BASE__sendResponse + 101164
    2   vl_convert.abi3.so                  0x00000003b23f3b18 v8_inspector__V8Inspector__Channel__BASE__sendResponse + 37452
    3   vl_convert.abi3.so                  0x00000003b2457830 v8_inspector__V8Inspector__Channel__BASE__sendResponse + 446308
    4   vl_convert.abi3.so                  0x00000003b26172d8 v8_inspector__V8Inspector__Channel__BASE__sendResponse + 2279948
    5   vl_convert.abi3.so                  0x00000003b2629c3c v8_inspector__V8Inspector__Channel__BASE__sendResponse + 2356080
    6   vl_convert.abi3.so                  0x00000003b26294f8 v8_inspector__V8Inspector__Channel__BASE__sendResponse + 2354220
    7   vl_convert.abi3.so                  0x00000003b2e71af0 v8_inspector__V8Inspector__Channel__BASE__sendResponse + 11039268
    8   vl_convert.abi3.so                  0x00000003b2615454 v8_inspector__V8Inspector__Channel__BASE__sendResponse + 2272136
    9   vl_convert.abi3.so                  0x00000003b259f874 v8_inspector__V8Inspector__Channel__BASE__sendResponse + 1789864
    10  vl_convert.abi3.so                  0x00000003b29d9138 v8_inspector__V8Inspector__Channel__BASE__sendResponse + 6219884
    11  vl_convert.abi3.so                  0x00000003b376b9f4 v8_inspector__V8Inspector__Channel__BASE__sendResponse + 20451624
    12  ???                                 0x00000004c0eef2a4 0x0 + 20416754340
    13  vl_convert.abi3.so                  0x00000003b3786648 v8_inspector__V8Inspector__Channel__BASE__sendResponse + 20561276
    14  vl_convert.abi3.so                  0x00000003b36d4838 v8_inspector__V8Inspector__Channel__BASE__sendResponse + 19832684
    15  vl_convert.abi3.so                  0x00000003b36d4838 v8_inspector__V8Inspector__Channel__BASE__sendResponse + 19832684
    16  vl_convert.abi3.so                  0x00000003b36d4838 v8_inspector__V8Inspector__Channel__BASE__sendResponse + 19832684
    17  vl_convert.abi3.so                  0x00000003b36d4838 v8_inspector__V8Inspector__Channel__BASE__sendResponse + 19832684
    18  vl_convert.abi3.so                  0x00000003b36d4838 v8_inspector__V8Inspector__Channel__BASE__sendResponse + 19832684
    19  vl_convert.abi3.so                  0x00000003b36d4838 v8_inspector__V8Inspector__Channel__BASE__sendResponse + 19832684
    20  vl_convert.abi3.so                  0x00000003b36d4838 v8_inspector__V8Inspector__Channel__BASE__sendResponse + 19832684
    21  vl_convert.abi3.so                  0x00000003b36d4838 v8_inspector__V8Inspector__Channel__BASE__sendResponse + 19832684
    22  vl_convert.abi3.so                  0x00000003b36d4838 v8_inspector__V8Inspector__Channel__BASE__sendResponse + 19832684
    23  vl_convert.abi3.so                  0x00000003b36d4838 v8_inspector__V8Inspector__Channel__BASE__sendResponse + 19832684
    24  vl_convert.abi3.so                  0x00000003b36d4838 v8_inspector__V8Inspector__Channel__BASE__sendResponse + 19832684
    25  vl_convert.abi3.so                  0x00000003b36d250c v8_inspector__V8Inspector__Channel__BASE__sendResponse + 19823680
    26  vl_convert.abi3.so                  0x00000003b36d21b0 v8_inspector__V8Inspector__Channel__BASE__sendResponse + 19822820
    27  vl_convert.abi3.so                  0x00000003b2574798 v8_inspector__V8Inspector__Channel__BASE__sendResponse + 1613516
    28  vl_convert.abi3.so                  0x00000003b2574da4 v8_inspector__V8Inspector__Channel__BASE__sendResponse + 1615064
    29  vl_convert.abi3.so                  0x00000003b245acac v8_inspector__V8Inspector__Channel__BASE__sendResponse + 459744
    30  vl_convert.abi3.so                  0x00000003b23689a4 wgpu_render_bundle_set_vertex_buffer + 7935172
    31  vl_convert.abi3.so                  0x00000003b1870438 PyInit_vl_convert + 3867704
    32  vl_convert.abi3.so                  0x00000003b14eace0 PyInit_vl_convert + 175328
    33  vl_convert.abi3.so                  0x00000003b15001b8 PyInit_vl_convert + 262584
    34  vl_convert.abi3.so                  0x00000003b14ff14c PyInit_vl_convert + 258380
    35  vl_convert.abi3.so                  0x00000003b14f1670 PyInit_vl_convert + 202352
    36  vl_convert.abi3.so                  0x00000003b14ff050 PyInit_vl_convert + 258128
    37  vl_convert.abi3.so                  0x00000003b15003d0 PyInit_vl_convert + 263120
    38  vl_convert.abi3.so                  0x00000003b1500490 PyInit_vl_convert + 263312
    39  vl_convert.abi3.so                  0x00000003b14ff7fc PyInit_vl_convert + 260092
    40  vl_convert.abi3.so                  0x00000003b14fff2c PyInit_vl_convert + 261932
    41  vl_convert.abi3.so                  0x00000003b14ffa10 PyInit_vl_convert + 260624
    42  vl_convert.abi3.so                  0x00000003b14f1374 PyInit_vl_convert + 201588
    43  vl_convert.abi3.so                  0x00000003b14f412c PyInit_vl_convert + 213292
    44  vl_convert.abi3.so                  0x00000003b38aa41c v8_inspector__V8Inspector__Channel__BASE__sendResponse + 21756752
    45  libsystem_pthread.dylib             0x000000019c3942e4 _pthread_start + 136
    46  libsystem_pthread.dylib             0x000000019c38f0fc thread_start + 8"
a678bed90a4248c8afa1e8de92c47bd2,2026-05-08T20:02:47.275892+00:00,altair,500k_scatter,,started,/Users/zwong/repos/personal-projects/benchmarks/python_src/outputs/altair_500k_scatter.png,
a678bed90a4248c8afa1e8de92c47bd2,2026-05-08T20:02:47.275892+00:00,altair,500k_scatter,9.856398,ok,/Users/zwong/repos/personal-projects/benchmarks/python_src/outputs/altair_500k_scatter.png,
a678bed90a4248c8afa1e8de92c47bd2,2026-05-08T20:02:47.275892+00:00,altair,5m_scatter,,started,/Users/zwong/repos/personal-projects/benchmarks/python_src/outputs/altair_5m_scatter.png,
a678bed90a4248c8afa1e8de92c47bd2,2026-05-08T20:02:47.275892+00:00,altair,5m_scatter,19.313972,error,/Users/zwong/repos/personal-projects/benchmarks/python_src/outputs/altair_5m_scatter.png,"<--- Last few GCs --->

[84188:0x140068000]     7898 ms: Scavenge (interleaved) 1352.5 (1400.2) -> 1352.4 (1422.7) MB, pooled: 0 MB, 9.83 / 0.00 ms  (average mu = 0.453, current mu = 0.333) allocation failure; 
[84188:0x140068000]     8448 ms: Mark-Compact 1367.5 (1422.7) -> 1367.2 (1438.7) MB, pooled: 0 MB, 547.96 / 0.00 ms  (average mu = 0.257, current mu = 0.041) allocation failure; scavenge might not succeed


<--- JS stacktrace --->



#
# Fatal JavaScript out of memory: Reached heap limit
#
==== C stack trace ===============================

    0   vl_convert.abi3.so                  0x000000037363d5a0 v8_inspector__V8Inspector__Channel__BASE__sendResponse + 77012
    1   vl_convert.abi3.so                  0x00000003736433f8 v8_inspector__V8Inspector__Channel__BASE__sendResponse + 101164
    2   vl_convert.abi3.so                  0x0000000373633b18 v8_inspector__V8Inspector__Channel__BASE__sendResponse + 37452
    3   vl_convert.abi3.so                  0x0000000373697830 v8_inspector__V8Inspector__Channel__BASE__sendResponse + 446308
    4   vl_convert.abi3.so                  0x00000003738572d8 v8_inspector__V8Inspector__Channel__BASE__sendResponse + 2279948
    5   vl_convert.abi3.so                  0x000000037385564c v8_inspector__V8Inspector__Channel__BASE__sendResponse + 2272640
    6   vl_convert.abi3.so                  0x000000037384c784 v8_inspector__V8Inspector__Channel__BASE__sendResponse + 2236088
    7   vl_convert.abi3.so                  0x000000037384d170 v8_inspector__V8Inspector__Channel__BASE__sendResponse + 2238628
    8   vl_convert.abi3.so                  0x0000000373832c30 v8_inspector__V8Inspector__Channel__BASE__sendResponse + 2130788
    9   vl_convert.abi3.so                  0x0000000373c1953c v8_inspector__V8Inspector__Channel__BASE__sendResponse + 6220912
    10  vl_convert.abi3.so                  0x00000003749ab9f4 v8_inspector__V8Inspector__Channel__BASE__sendResponse + 20451624
    11  ???                                 0x00000003f780097c 0x0 + 17037265276
    12  ???                                 0x00000003f78005b0 0x0 + 17037264304
    13  vl_convert.abi3.so                  0x00000003749c6648 v8_inspector__V8Inspector__Channel__BASE__sendResponse + 20561276
    14  ???                                 0x00000003f7735fe4 0x0 + 17036435428
    15  ???                                 0x00000003f77c75f0 0x0 + 17037030896
    16  vl_convert.abi3.so                  0x0000000374914838 v8_inspector__V8Inspector__Channel__BASE__sendResponse + 19832684
    17  ???                                 0x00000003f77fce30 0x0 + 17037250096
    18  ???                                 0x00000003f77fd0c0 0x0 + 17037250752
    19  ???                                 0x00000003f77c83bc 0x0 + 17037034428
    20  vl_convert.abi3.so                  0x0000000374914838 v8_inspector__V8Inspector__Channel__BASE__sendResponse + 19832684
    21  vl_convert.abi3.so                  0x0000000374914838 v8_inspector__V8Inspector__Channel__BASE__sendResponse + 19832684
    22  vl_convert.abi3.so                  0x0000000374914838 v8_inspector__V8Inspector__Channel__BASE__sendResponse + 19832684
    23  vl_convert.abi3.so                  0x0000000374914838 v8_inspector__V8Inspector__Channel__BASE__sendResponse + 19832684
    24  vl_convert.abi3.so                  0x0000000374914838 v8_inspector__V8Inspector__Channel__BASE__sendResponse + 19832684
    25  vl_convert.abi3.so                  0x000000037491250c v8_inspector__V8Inspector__Channel__BASE__sendResponse + 19823680
    26  vl_convert.abi3.so                  0x00000003749121b0 v8_inspector__V8Inspector__Channel__BASE__sendResponse + 19822820
    27  vl_convert.abi3.so                  0x00000003737b4798 v8_inspector__V8Inspector__Channel__BASE__sendResponse + 1613516
    28  vl_convert.abi3.so                  0x00000003737b4da4 v8_inspector__V8Inspector__Channel__BASE__sendResponse + 1615064
    29  vl_convert.abi3.so                  0x000000037369acac v8_inspector__V8Inspector__Channel__BASE__sendResponse + 459744
    30  vl_convert.abi3.so                  0x00000003735a89a4 wgpu_render_bundle_set_vertex_buffer + 7935172
    31  vl_convert.abi3.so                  0x0000000372ab0438 PyInit_vl_convert + 3867704
    32  vl_convert.abi3.so                  0x000000037272ace0 PyInit_vl_convert + 175328
    33  vl_convert.abi3.so                  0x00000003727401b8 PyInit_vl_convert + 262584
    34  vl_convert.abi3.so                  0x000000037273f14c PyInit_vl_convert + 258380
    35  vl_convert.abi3.so                  0x0000000372731670 PyInit_vl_convert + 202352
    36  vl_convert.abi3.so                  0x000000037273f050 PyInit_vl_convert + 258128
    37  vl_convert.abi3.so                  0x00000003727403d0 PyInit_vl_convert + 263120
    38  vl_convert.abi3.so                  0x0000000372740490 PyInit_vl_convert + 263312
    39  vl_convert.abi3.so                  0x000000037273f7fc PyInit_vl_convert + 260092
    40  vl_convert.abi3.so                  0x000000037273ff2c PyInit_vl_convert + 261932
    41  vl_convert.abi3.so                  0x000000037273fa10 PyInit_vl_convert + 260624
    42  vl_convert.abi3.so                  0x0000000372731374 PyInit_vl_convert + 201588
    43  vl_convert.abi3.so                  0x000000037273412c PyInit_vl_convert + 213292
    44  vl_convert.abi3.so                  0x0000000374aea41c v8_inspector__V8Inspector__Channel__BASE__sendResponse + 21756752
    45  libsystem_pthread.dylib             0x000000019c3942e4 _pthread_start + 136
    46  libsystem_pthread.dylib             0x000000019c38f0fc thread_start + 8"
d2a2d26177514b3390baae6db3368eb0,2026-05-08T20:04:00.032724+00:00,altair,85k_line,,started,/Users/zwong/repos/personal-projects/benchmarks/python_src/outputs/altair_85k_line.png,
d2a2d26177514b3390baae6db3368eb0,2026-05-08T20:04:00.032724+00:00,altair,85k_line,1.489810,ok,/Users/zwong/repos/personal-projects/benchmarks/python_src/outputs/altair_85k_line.png,
d2a2d26177514b3390baae6db3368eb0,2026-05-08T20:04:00.032724+00:00,altair,170k_line,,started,/Users/zwong/repos/personal-projects/benchmarks/python_src/outputs/altair_170k_line.png,
d2a2d26177514b3390baae6db3368eb0,2026-05-08T20:04:00.032724+00:00,altair,170k_line,2.249494,ok,/Users/zwong/repos/personal-projects/benchmarks/python_src/outputs/altair_170k_line.png,
d2a2d26177514b3390baae6db3368eb0,2026-05-08T20:04:00.032724+00:00,altair,850k_line,,started,/Users/zwong/repos/personal-projects/benchmarks/python_src/outputs/altair_850k_line.png,
d2a2d26177514b3390baae6db3368eb0,2026-05-08T20:04:00.032724+00:00,altair,850k_line,12.552467,ok,/Users/zwong/repos/personal-projects/benchmarks/python_src/outputs/altair_850k_line.png,
d2a2d26177514b3390baae6db3368eb0,2026-05-08T20:04:00.032724+00:00,altair,1m_histogram,,started,/Users/zwong/repos/personal-projects/benchmarks/python_src/outputs/altair_1m_histogram.png,
d2a2d26177514b3390baae6db3368eb0,2026-05-08T20:04:00.032724+00:00,altair,1m_histogram,2.002814,ok,/Users/zwong/repos/personal-projects/benchmarks/python_src/outputs/altair_1m_histogram.png,
d2a2d26177514b3390baae6db3368eb0,2026-05-08T20:04:00.032724+00:00,altair,10m_histogram,,started,/Users/zwong/repos/personal-projects/benchmarks/python_src/outputs/altair_10m_histogram.png,
d2a2d26177514b3390baae6db3368eb0,2026-05-08T20:04:00.032724+00:00,altair,10m_histogram,25.253518,error,/Users/zwong/repos/personal-projects/benchmarks/python_src/outputs/altair_10m_histogram.png,"<--- Last few GCs --->

[84196:0x130038000]    11083 ms: Scavenge (interleaved) 1393.7 (1397.0) -> 1393.7 (1402.0) MB, pooled: 0 MB, 2.67 / 0.00 ms  (average mu = 0.166, current mu = 0.114) allocation failure; 
[84196:0x130038000]    11344 ms: Mark-Compact (reduce) 1395.0 (1402.0) -> 1395.0 (1397.0) MB, pooled: 0 MB, 242.33 / 0.00 ms  (+ 0.2 ms in 0 steps since start of marking, biggest step 0.0 ms, walltime since start of marking 245 ms) (average mu = 0.134, cu

<--- JS stacktrace --->



#
# Fatal JavaScript out of memory: Ineffective mark-compacts near heap limit
#
==== C stack trace ===============================

    0   vl_convert.abi3.so                  0x00000003a99ad5a0 v8_inspector__V8Inspector__Channel__BASE__sendResponse + 77012
    1   vl_convert.abi3.so                  0x00000003a99b33f8 v8_inspector__V8Inspector__Channel__BASE__sendResponse + 101164
    2   vl_convert.abi3.so                  0x00000003a99a3b18 v8_inspector__V8Inspector__Channel__BASE__sendResponse + 37452
    3   vl_convert.abi3.so                  0x00000003a9a07830 v8_inspector__V8Inspector__Channel__BASE__sendResponse + 446308
    4   vl_convert.abi3.so                  0x00000003a9bc72d8 v8_inspector__V8Inspector__Channel__BASE__sendResponse + 2279948
    5   vl_convert.abi3.so                  0x00000003a9bd9c3c v8_inspector__V8Inspector__Channel__BASE__sendResponse + 2356080
    6   vl_convert.abi3.so                  0x00000003a9bd94f8 v8_inspector__V8Inspector__Channel__BASE__sendResponse + 2354220
    7   vl_convert.abi3.so                  0x00000003aa421af0 v8_inspector__V8Inspector__Channel__BASE__sendResponse + 11039268
    8   vl_convert.abi3.so                  0x00000003a9bc5454 v8_inspector__V8Inspector__Channel__BASE__sendResponse + 2272136
    9   vl_convert.abi3.so                  0x00000003a9b4f874 v8_inspector__V8Inspector__Channel__BASE__sendResponse + 1789864
    10  vl_convert.abi3.so                  0x00000003a9f89138 v8_inspector__V8Inspector__Channel__BASE__sendResponse + 6219884
    11  vl_convert.abi3.so                  0x00000003aad1b9f4 v8_inspector__V8Inspector__Channel__BASE__sendResponse + 20451624
    12  ???                                 0x00000004b82c5804 0x0 + 20269783044
    13  vl_convert.abi3.so                  0x00000003aad36648 v8_inspector__V8Inspector__Channel__BASE__sendResponse + 20561276
    14  vl_convert.abi3.so                  0x00000003aac84838 v8_inspector__V8Inspector__Channel__BASE__sendResponse + 19832684
    15  vl_convert.abi3.so                  0x00000003aac84838 v8_inspector__V8Inspector__Channel__BASE__sendResponse + 19832684
    16  vl_convert.abi3.so                  0x00000003aac84838 v8_inspector__V8Inspector__Channel__BASE__sendResponse + 19832684
    17  vl_convert.abi3.so                  0x00000003aac84838 v8_inspector__V8Inspector__Channel__BASE__sendResponse + 19832684
    18  vl_convert.abi3.so                  0x00000003aac84838 v8_inspector__V8Inspector__Channel__BASE__sendResponse + 19832684
    19  vl_convert.abi3.so                  0x00000003aac84838 v8_inspector__V8Inspector__Channel__BASE__sendResponse + 19832684
    20  vl_convert.abi3.so                  0x00000003aac84838 v8_inspector__V8Inspector__Channel__BASE__sendResponse + 19832684
    21  vl_convert.abi3.so                  0x00000003aac84838 v8_inspector__V8Inspector__Channel__BASE__sendResponse + 19832684
    22  vl_convert.abi3.so                  0x00000003aac84838 v8_inspector__V8Inspector__Channel__BASE__sendResponse + 19832684
    23  vl_convert.abi3.so                  0x00000003aac84838 v8_inspector__V8Inspector__Channel__BASE__sendResponse + 19832684
    24  vl_convert.abi3.so                  0x00000003aac84838 v8_inspector__V8Inspector__Channel__BASE__sendResponse + 19832684
    25  vl_convert.abi3.so                  0x00000003aac8250c v8_inspector__V8Inspector__Channel__BASE__sendResponse + 19823680
    26  vl_convert.abi3.so                  0x00000003aac821b0 v8_inspector__V8Inspector__Channel__BASE__sendResponse + 19822820
    27  vl_convert.abi3.so                  0x00000003a9b24798 v8_inspector__V8Inspector__Channel__BASE__sendResponse + 1613516
    28  vl_convert.abi3.so                  0x00000003a9b24da4 v8_inspector__V8Inspector__Channel__BASE__sendResponse + 1615064
    29  vl_convert.abi3.so                  0x00000003a9a0acac v8_inspector__V8Inspector__Channel__BASE__sendResponse + 459744
    30  vl_convert.abi3.so                  0x00000003a99189a4 wgpu_render_bundle_set_vertex_buffer + 7935172
    31  vl_convert.abi3.so                  0x00000003a8e20438 PyInit_vl_convert + 3867704
    32  vl_convert.abi3.so                  0x00000003a8a9ace0 PyInit_vl_convert + 175328
    33  vl_convert.abi3.so                  0x00000003a8ab01b8 PyInit_vl_convert + 262584
    34  vl_convert.abi3.so                  0x00000003a8aaf14c PyInit_vl_convert + 258380
    35  vl_convert.abi3.so                  0x00000003a8aa1670 PyInit_vl_convert + 202352
    36  vl_convert.abi3.so                  0x00000003a8aaf050 PyInit_vl_convert + 258128
    37  vl_convert.abi3.so                  0x00000003a8ab03d0 PyInit_vl_convert + 263120
    38  vl_convert.abi3.so                  0x00000003a8ab0490 PyInit_vl_convert + 263312
    39  vl_convert.abi3.so                  0x00000003a8aaf7fc PyInit_vl_convert + 260092
    40  vl_convert.abi3.so                  0x00000003a8aaff2c PyInit_vl_convert + 261932
    41  vl_convert.abi3.so                  0x00000003a8aafa10 PyInit_vl_convert + 260624
    42  vl_convert.abi3.so                  0x00000003a8aa1374 PyInit_vl_convert + 201588
    43  vl_convert.abi3.so                  0x00000003a8aa412c PyInit_vl_convert + 213292
    44  vl_convert.abi3.so                  0x00000003aae5a41c v8_inspector__V8Inspector__Channel__BASE__sendResponse + 21756752
    45  libsystem_pthread.dylib             0x000000019c3942e4 _pthread_start + 136
    46  libsystem_pthread.dylib             0x000000019c38f0fc thread_start + 8"
d2a2d26177514b3390baae6db3368eb0,2026-05-08T20:04:00.032724+00:00,altair,500k_scatter,,started,/Users/zwong/repos/personal-projects/benchmarks/python_src/outputs/altair_500k_scatter.png,
d2a2d26177514b3390baae6db3368eb0,2026-05-08T20:04:00.032724+00:00,altair,500k_scatter,9.864737,ok,/Users/zwong/repos/personal-projects/benchmarks/python_src/outputs/altair_500k_scatter.png,
d2a2d26177514b3390baae6db3368eb0,2026-05-08T20:04:00.032724+00:00,altair,5m_scatter,,started,/Users/zwong/repos/personal-projects/benchmarks/python_src/outputs/altair_5m_scatter.png,
d2a2d26177514b3390baae6db3368eb0,2026-05-08T20:04:00.032724+00:00,altair,5m_scatter,19.409880,error,/Users/zwong/repos/personal-projects/benchmarks/python_src/outputs/altair_5m_scatter.png,"<--- Last few GCs --->

[84220:0x120080000]     8128 ms: Mark-Compact 1361.3 (1409.2) -> 1361.1 (1416.5) MB, pooled: 0 MB, 562.79 / 0.00 ms  (average mu = 0.226, current mu = 0.015) allocation failure; scavenge might not succeed
[84220:0x120080000]     8764 ms: Mark-Compact 1369.1 (1416.5) -> 1369.1 (1440.2) MB, pooled: 0 MB, 634.04 / 0.00 ms  (average mu = 0.110, current mu = 0.002) allocation failure; scavenge might not succeed


<--- JS stacktrace --->



#
# Fatal JavaScript out of memory: Reached heap limit
#
==== C stack trace ===============================

    0   vl_convert.abi3.so                  0x000000035ff695a0 v8_inspector__V8Inspector__Channel__BASE__sendResponse + 77012
    1   vl_convert.abi3.so                  0x000000035ff6f3f8 v8_inspector__V8Inspector__Channel__BASE__sendResponse + 101164
    2   vl_convert.abi3.so                  0x000000035ff5fb18 v8_inspector__V8Inspector__Channel__BASE__sendResponse + 37452
    3   vl_convert.abi3.so                  0x000000035ffc3830 v8_inspector__V8Inspector__Channel__BASE__sendResponse + 446308
    4   vl_convert.abi3.so                  0x00000003601832d8 v8_inspector__V8Inspector__Channel__BASE__sendResponse + 2279948
    5   vl_convert.abi3.so                  0x000000036018164c v8_inspector__V8Inspector__Channel__BASE__sendResponse + 2272640
    6   vl_convert.abi3.so                  0x0000000360178784 v8_inspector__V8Inspector__Channel__BASE__sendResponse + 2236088
    7   vl_convert.abi3.so                  0x0000000360179170 v8_inspector__V8Inspector__Channel__BASE__sendResponse + 2238628
    8   vl_convert.abi3.so                  0x000000036015ec30 v8_inspector__V8Inspector__Channel__BASE__sendResponse + 2130788
    9   vl_convert.abi3.so                  0x000000036054553c v8_inspector__V8Inspector__Channel__BASE__sendResponse + 6220912
    10  vl_convert.abi3.so                  0x00000003612d79f4 v8_inspector__V8Inspector__Channel__BASE__sendResponse + 20451624
    11  ???                                 0x00000003ec440c9c 0x0 + 16848784540
    12  ???                                 0x00000003ec4408d0 0x0 + 16848783568
    13  vl_convert.abi3.so                  0x00000003612f2648 v8_inspector__V8Inspector__Channel__BASE__sendResponse + 20561276
    14  ???                                 0x00000003ec407344 0x0 + 16848548676
    15  ???                                 0x00000003ec407590 0x0 + 16848549264
    16  vl_convert.abi3.so                  0x0000000361240838 v8_inspector__V8Inspector__Channel__BASE__sendResponse + 19832684
    17  ???                                 0x00000003ec43bd10 0x0 + 16848764176
    18  ???                                 0x00000003ec43bfa0 0x0 + 16848764832
    19  ???                                 0x00000003ec40835c 0x0 + 16848552796
    20  vl_convert.abi3.so                  0x0000000361240838 v8_inspector__V8Inspector__Channel__BASE__sendResponse + 19832684
    21  vl_convert.abi3.so                  0x0000000361240838 v8_inspector__V8Inspector__Channel__BASE__sendResponse + 19832684
    22  vl_convert.abi3.so                  0x0000000361240838 v8_inspector__V8Inspector__Channel__BASE__sendResponse + 19832684
    23  vl_convert.abi3.so                  0x0000000361240838 v8_inspector__V8Inspector__Channel__BASE__sendResponse + 19832684
    24  vl_convert.abi3.so                  0x0000000361240838 v8_inspector__V8Inspector__Channel__BASE__sendResponse + 19832684
    25  vl_convert.abi3.so                  0x000000036123e50c v8_inspector__V8Inspector__Channel__BASE__sendResponse + 19823680
    26  vl_convert.abi3.so                  0x000000036123e1b0 v8_inspector__V8Inspector__Channel__BASE__sendResponse + 19822820
    27  vl_convert.abi3.so                  0x00000003600e0798 v8_inspector__V8Inspector__Channel__BASE__sendResponse + 1613516
    28  vl_convert.abi3.so                  0x00000003600e0da4 v8_inspector__V8Inspector__Channel__BASE__sendResponse + 1615064
    29  vl_convert.abi3.so                  0x000000035ffc6cac v8_inspector__V8Inspector__Channel__BASE__sendResponse + 459744
    30  vl_convert.abi3.so                  0x000000035fed49a4 wgpu_render_bundle_set_vertex_buffer + 7935172
    31  vl_convert.abi3.so                  0x000000035f3dc438 PyInit_vl_convert + 3867704
    32  vl_convert.abi3.so                  0x000000035f056ce0 PyInit_vl_convert + 175328
    33  vl_convert.abi3.so                  0x000000035f06c1b8 PyInit_vl_convert + 262584
    34  vl_convert.abi3.so                  0x000000035f06b14c PyInit_vl_convert + 258380
    35  vl_convert.abi3.so                  0x000000035f05d670 PyInit_vl_convert + 202352
    36  vl_convert.abi3.so                  0x000000035f06b050 PyInit_vl_convert + 258128
    37  vl_convert.abi3.so                  0x000000035f06c3d0 PyInit_vl_convert + 263120
    38  vl_convert.abi3.so                  0x000000035f06c490 PyInit_vl_convert + 263312
    39  vl_convert.abi3.so                  0x000000035f06b7fc PyInit_vl_convert + 260092
    40  vl_convert.abi3.so                  0x000000035f06bf2c PyInit_vl_convert + 261932
    41  vl_convert.abi3.so                  0x000000035f06ba10 PyInit_vl_convert + 260624
    42  vl_convert.abi3.so                  0x000000035f05d374 PyInit_vl_convert + 201588
    43  vl_convert.abi3.so                  0x000000035f06012c PyInit_vl_convert + 213292
    44  vl_convert.abi3.so                  0x000000036141641c v8_inspector__V8Inspector__Channel__BASE__sendResponse + 21756752
    45  libsystem_pthread.dylib             0x000000019c3942e4 _pthread_start + 136
    46  libsystem_pthread.dylib             0x000000019c38f0fc thread_start + 8"
d2c70f6b9902414db17949161f02e6d4,2026-05-08T20:05:12.860381+00:00,altair,85k_line,,started,/Users/zwong/repos/personal-projects/benchmarks/python_src/outputs/altair_85k_line.png,
d2c70f6b9902414db17949161f02e6d4,2026-05-08T20:05:12.860381+00:00,altair,85k_line,1.445782,ok,/Users/zwong/repos/personal-projects/benchmarks/python_src/outputs/altair_85k_line.png,
d2c70f6b9902414db17949161f02e6d4,2026-05-08T20:05:12.860381+00:00,altair,170k_line,,started,/Users/zwong/repos/personal-projects/benchmarks/python_src/outputs/altair_170k_line.png,
d2c70f6b9902414db17949161f02e6d4,2026-05-08T20:05:12.860381+00:00,altair,170k_line,2.401451,ok,/Users/zwong/repos/personal-projects/benchmarks/python_src/outputs/altair_170k_line.png,
d2c70f6b9902414db17949161f02e6d4,2026-05-08T20:05:12.860381+00:00,altair,850k_line,,started,/Users/zwong/repos/personal-projects/benchmarks/python_src/outputs/altair_850k_line.png,
d2c70f6b9902414db17949161f02e6d4,2026-05-08T20:05:12.860381+00:00,altair,850k_line,12.138767,ok,/Users/zwong/repos/personal-projects/benchmarks/python_src/outputs/altair_850k_line.png,
d2c70f6b9902414db17949161f02e6d4,2026-05-08T20:05:12.860381+00:00,altair,1m_histogram,,started,/Users/zwong/repos/personal-projects/benchmarks/python_src/outputs/altair_1m_histogram.png,
d2c70f6b9902414db17949161f02e6d4,2026-05-08T20:05:12.860381+00:00,altair,1m_histogram,1.917622,ok,/Users/zwong/repos/personal-projects/benchmarks/python_src/outputs/altair_1m_histogram.png,
d2c70f6b9902414db17949161f02e6d4,2026-05-08T20:05:12.860381+00:00,altair,10m_histogram,,started,/Users/zwong/repos/personal-projects/benchmarks/python_src/outputs/altair_10m_histogram.png,
d2c70f6b9902414db17949161f02e6d4,2026-05-08T20:05:12.860381+00:00,altair,10m_histogram,24.977258,error,/Users/zwong/repos/personal-projects/benchmarks/python_src/outputs/altair_10m_histogram.png,"<--- Last few GCs --->

[84227:0x1480b8000]    11038 ms: Scavenge (interleaved) 1385.7 (1391.0) -> 1385.7 (1402.0) MB, pooled: 0 MB, 4.33 / 0.00 ms  (average mu = 0.185, current mu = 0.141) allocation failure; 
[84227:0x1480b8000]    11291 ms: Mark-Compact (reduce) 1387.1 (1402.0) -> 1387.1 (1389.3) MB, pooled: 0 MB, 245.33 / 0.00 ms  (+ 0.4 ms in 0 steps since start of marking, biggest step 0.0 ms, walltime since start of marking 248 ms) (average mu = 0.142, cu

<--- JS stacktrace --->



#
# Fatal JavaScript out of memory: Ineffective mark-compacts near heap limit
#
==== C stack trace ===============================

    0   vl_convert.abi3.so                  0x00000003b28ad5a0 v8_inspector__V8Inspector__Channel__BASE__sendResponse + 77012
    1   vl_convert.abi3.so                  0x00000003b28b33f8 v8_inspector__V8Inspector__Channel__BASE__sendResponse + 101164
    2   vl_convert.abi3.so                  0x00000003b28a3b18 v8_inspector__V8Inspector__Channel__BASE__sendResponse + 37452
    3   vl_convert.abi3.so                  0x00000003b2907830 v8_inspector__V8Inspector__Channel__BASE__sendResponse + 446308
    4   vl_convert.abi3.so                  0x00000003b2ac72d8 v8_inspector__V8Inspector__Channel__BASE__sendResponse + 2279948
    5   vl_convert.abi3.so                  0x00000003b2ad9c3c v8_inspector__V8Inspector__Channel__BASE__sendResponse + 2356080
    6   vl_convert.abi3.so                  0x00000003b2ad94f8 v8_inspector__V8Inspector__Channel__BASE__sendResponse + 2354220
    7   vl_convert.abi3.so                  0x00000003b3321af0 v8_inspector__V8Inspector__Channel__BASE__sendResponse + 11039268
    8   vl_convert.abi3.so                  0x00000003b2ac5454 v8_inspector__V8Inspector__Channel__BASE__sendResponse + 2272136
    9   vl_convert.abi3.so                  0x00000003b2a4f874 v8_inspector__V8Inspector__Channel__BASE__sendResponse + 1789864
    10  vl_convert.abi3.so                  0x00000003b2e89138 v8_inspector__V8Inspector__Channel__BASE__sendResponse + 6219884
    11  vl_convert.abi3.so                  0x00000003b3c1b9f4 v8_inspector__V8Inspector__Channel__BASE__sendResponse + 20451624
    12  ???                                 0x00000004c1382764 0x0 + 20421551972
    13  vl_convert.abi3.so                  0x00000003b3c36648 v8_inspector__V8Inspector__Channel__BASE__sendResponse + 20561276
    14  vl_convert.abi3.so                  0x00000003b3b84838 v8_inspector__V8Inspector__Channel__BASE__sendResponse + 19832684
    15  vl_convert.abi3.so                  0x00000003b3b84838 v8_inspector__V8Inspector__Channel__BASE__sendResponse + 19832684
    16  vl_convert.abi3.so                  0x00000003b3b84838 v8_inspector__V8Inspector__Channel__BASE__sendResponse + 19832684
    17  vl_convert.abi3.so                  0x00000003b3b84838 v8_inspector__V8Inspector__Channel__BASE__sendResponse + 19832684
    18  vl_convert.abi3.so                  0x00000003b3b84838 v8_inspector__V8Inspector__Channel__BASE__sendResponse + 19832684
    19  vl_convert.abi3.so                  0x00000003b3b84838 v8_inspector__V8Inspector__Channel__BASE__sendResponse + 19832684
    20  vl_convert.abi3.so                  0x00000003b3b84838 v8_inspector__V8Inspector__Channel__BASE__sendResponse + 19832684
    21  vl_convert.abi3.so                  0x00000003b3b84838 v8_inspector__V8Inspector__Channel__BASE__sendResponse + 19832684
    22  vl_convert.abi3.so                  0x00000003b3b84838 v8_inspector__V8Inspector__Channel__BASE__sendResponse + 19832684
    23  vl_convert.abi3.so                  0x00000003b3b84838 v8_inspector__V8Inspector__Channel__BASE__sendResponse + 19832684
    24  vl_convert.abi3.so                  0x00000003b3b84838 v8_inspector__V8Inspector__Channel__BASE__sendResponse + 19832684
    25  vl_convert.abi3.so                  0x00000003b3b8250c v8_inspector__V8Inspector__Channel__BASE__sendResponse + 19823680
    26  vl_convert.abi3.so                  0x00000003b3b821b0 v8_inspector__V8Inspector__Channel__BASE__sendResponse + 19822820
    27  vl_convert.abi3.so                  0x00000003b2a24798 v8_inspector__V8Inspector__Channel__BASE__sendResponse + 1613516
    28  vl_convert.abi3.so                  0x00000003b2a24da4 v8_inspector__V8Inspector__Channel__BASE__sendResponse + 1615064
    29  vl_convert.abi3.so                  0x00000003b290acac v8_inspector__V8Inspector__Channel__BASE__sendResponse + 459744
    30  vl_convert.abi3.so                  0x00000003b28189a4 wgpu_render_bundle_set_vertex_buffer + 7935172
    31  vl_convert.abi3.so                  0x00000003b1d20438 PyInit_vl_convert + 3867704
    32  vl_convert.abi3.so                  0x00000003b199ace0 PyInit_vl_convert + 175328
    33  vl_convert.abi3.so                  0x00000003b19b01b8 PyInit_vl_convert + 262584
    34  vl_convert.abi3.so                  0x00000003b19af14c PyInit_vl_convert + 258380
    35  vl_convert.abi3.so                  0x00000003b19a1670 PyInit_vl_convert + 202352
    36  vl_convert.abi3.so                  0x00000003b19af050 PyInit_vl_convert + 258128
    37  vl_convert.abi3.so                  0x00000003b19b03d0 PyInit_vl_convert + 263120
    38  vl_convert.abi3.so                  0x00000003b19b0490 PyInit_vl_convert + 263312
    39  vl_convert.abi3.so                  0x00000003b19af7fc PyInit_vl_convert + 260092
    40  vl_convert.abi3.so                  0x00000003b19aff2c PyInit_vl_convert + 261932
    41  vl_convert.abi3.so                  0x00000003b19afa10 PyInit_vl_convert + 260624
    42  vl_convert.abi3.so                  0x00000003b19a1374 PyInit_vl_convert + 201588
    43  vl_convert.abi3.so                  0x00000003b19a412c PyInit_vl_convert + 213292
    44  vl_convert.abi3.so                  0x00000003b3d5a41c v8_inspector__V8Inspector__Channel__BASE__sendResponse + 21756752
    45  libsystem_pthread.dylib             0x000000019c3942e4 _pthread_start + 136
    46  libsystem_pthread.dylib             0x000000019c38f0fc thread_start + 8"
d2c70f6b9902414db17949161f02e6d4,2026-05-08T20:05:12.860381+00:00,altair,500k_scatter,,started,/Users/zwong/repos/personal-projects/benchmarks/python_src/outputs/altair_500k_scatter.png,
d2c70f6b9902414db17949161f02e6d4,2026-05-08T20:05:12.860381+00:00,altair,500k_scatter,9.827885,ok,/Users/zwong/repos/personal-projects/benchmarks/python_src/outputs/altair_500k_scatter.png,
d2c70f6b9902414db17949161f02e6d4,2026-05-08T20:05:12.860381+00:00,altair,5m_scatter,,started,/Users/zwong/repos/personal-projects/benchmarks/python_src/outputs/altair_5m_scatter.png,
d2c70f6b9902414db17949161f02e6d4,2026-05-08T20:05:12.860381+00:00,altair,5m_scatter,18.960563,error,/Users/zwong/repos/personal-projects/benchmarks/python_src/outputs/altair_5m_scatter.png,"<--- Last few GCs --->

[84232:0x1584c8000]     7648 ms: Scavenge (interleaved) 1360.3 (1403.5) -> 1360.3 (1414.5) MB, pooled: 0 MB, 4.88 / 0.00 ms  (average mu = 0.341, current mu = 0.242) allocation failure; 
[84232:0x1584c8000]     8287 ms: Mark-Compact 1367.3 (1414.5) -> 1367.3 (1422.5) MB, pooled: 0 MB, 638.21 / 0.00 ms  (average mu = 0.150, current mu = 0.019) allocation failure; scavenge might not succeed


<--- JS stacktrace --->



#
# Fatal JavaScript out of memory: Reached heap limit
#
==== C stack trace ===============================

    0   vl_convert.abi3.so                  0x00000003693695a0 v8_inspector__V8Inspector__Channel__BASE__sendResponse + 77012
    1   vl_convert.abi3.so                  0x000000036936f3f8 v8_inspector__V8Inspector__Channel__BASE__sendResponse + 101164
    2   vl_convert.abi3.so                  0x000000036935fb18 v8_inspector__V8Inspector__Channel__BASE__sendResponse + 37452
    3   vl_convert.abi3.so                  0x00000003693c3830 v8_inspector__V8Inspector__Channel__BASE__sendResponse + 446308
    4   vl_convert.abi3.so                  0x00000003695832d8 v8_inspector__V8Inspector__Channel__BASE__sendResponse + 2279948
    5   vl_convert.abi3.so                  0x000000036958164c v8_inspector__V8Inspector__Channel__BASE__sendResponse + 2272640
    6   vl_convert.abi3.so                  0x0000000369578784 v8_inspector__V8Inspector__Channel__BASE__sendResponse + 2236088
    7   vl_convert.abi3.so                  0x0000000369579170 v8_inspector__V8Inspector__Channel__BASE__sendResponse + 2238628
    8   vl_convert.abi3.so                  0x000000036955ec30 v8_inspector__V8Inspector__Channel__BASE__sendResponse + 2130788
    9   vl_convert.abi3.so                  0x000000036994553c v8_inspector__V8Inspector__Channel__BASE__sendResponse + 6220912
    10  vl_convert.abi3.so                  0x000000036a6d79f4 v8_inspector__V8Inspector__Channel__BASE__sendResponse + 20451624
    11  ???                                 0x00000003f81013fc 0x0 + 17046705148
    12  ???                                 0x00000003f8101030 0x0 + 17046704176
    13  vl_convert.abi3.so                  0x000000036a6f2648 v8_inspector__V8Inspector__Channel__BASE__sendResponse + 20561276
    14  ???                                 0x00000003f80fb0c4 0x0 + 17046679748
    15  ???                                 0x00000003f8040230 0x0 + 17045914160
    16  vl_convert.abi3.so                  0x000000036a640838 v8_inspector__V8Inspector__Channel__BASE__sendResponse + 19832684
    17  ???                                 0x00000003f8077970 0x0 + 17046141296
    18  ???                                 0x00000003f8077c00 0x0 + 17046141952
    19  ???                                 0x00000003f807b45c 0x0 + 17046156380
    20  vl_convert.abi3.so                  0x000000036a640838 v8_inspector__V8Inspector__Channel__BASE__sendResponse + 19832684
    21  vl_convert.abi3.so                  0x000000036a640838 v8_inspector__V8Inspector__Channel__BASE__sendResponse + 19832684
    22  vl_convert.abi3.so                  0x000000036a640838 v8_inspector__V8Inspector__Channel__BASE__sendResponse + 19832684
    23  vl_convert.abi3.so                  0x000000036a640838 v8_inspector__V8Inspector__Channel__BASE__sendResponse + 19832684
    24  vl_convert.abi3.so                  0x000000036a640838 v8_inspector__V8Inspector__Channel__BASE__sendResponse + 19832684
    25  vl_convert.abi3.so                  0x000000036a63e50c v8_inspector__V8Inspector__Channel__BASE__sendResponse + 19823680
    26  vl_convert.abi3.so                  0x000000036a63e1b0 v8_inspector__V8Inspector__Channel__BASE__sendResponse + 19822820
    27  vl_convert.abi3.so                  0x00000003694e0798 v8_inspector__V8Inspector__Channel__BASE__sendResponse + 1613516
    28  vl_convert.abi3.so                  0x00000003694e0da4 v8_inspector__V8Inspector__Channel__BASE__sendResponse + 1615064
    29  vl_convert.abi3.so                  0x00000003693c6cac v8_inspector__V8Inspector__Channel__BASE__sendResponse + 459744
    30  vl_convert.abi3.so                  0x00000003692d49a4 wgpu_render_bundle_set_vertex_buffer + 7935172
    31  vl_convert.abi3.so                  0x00000003687dc438 PyInit_vl_convert + 3867704
    32  vl_convert.abi3.so                  0x0000000368456ce0 PyInit_vl_convert + 175328
    33  vl_convert.abi3.so                  0x000000036846c1b8 PyInit_vl_convert + 262584
    34  vl_convert.abi3.so                  0x000000036846b14c PyInit_vl_convert + 258380
    35  vl_convert.abi3.so                  0x000000036845d670 PyInit_vl_convert + 202352
    36  vl_convert.abi3.so                  0x000000036846b050 PyInit_vl_convert + 258128
    37  vl_convert.abi3.so                  0x000000036846c3d0 PyInit_vl_convert + 263120
    38  vl_convert.abi3.so                  0x000000036846c490 PyInit_vl_convert + 263312
    39  vl_convert.abi3.so                  0x000000036846b7fc PyInit_vl_convert + 260092
    40  vl_convert.abi3.so                  0x000000036846bf2c PyInit_vl_convert + 261932
    41  vl_convert.abi3.so                  0x000000036846ba10 PyInit_vl_convert + 260624
    42  vl_convert.abi3.so                  0x000000036845d374 PyInit_vl_convert + 201588
    43  vl_convert.abi3.so                  0x000000036846012c PyInit_vl_convert + 213292
    44  vl_convert.abi3.so                  0x000000036a81641c v8_inspector__V8Inspector__Channel__BASE__sendResponse + 21756752
    45  libsystem_pthread.dylib             0x000000019c3942e4 _pthread_start + 136
    46  libsystem_pthread.dylib             0x000000019c38f0fc thread_start + 8"
d1ccd1de27dd4a829fe71f5e177fbb4c,2026-05-08T20:27:03.360982+00:00,matplotlib,85k_line,,started,/Users/zwong/repos/personal-projects/benchmarks/python_src/outputs/matplotlib_85k_line.png,
d1ccd1de27dd4a829fe71f5e177fbb4c,2026-05-08T20:27:03.360982+00:00,matplotlib,85k_line,0.730685,ok,/Users/zwong/repos/personal-projects/benchmarks/python_src/outputs/matplotlib_85k_line.png,
d1ccd1de27dd4a829fe71f5e177fbb4c,2026-05-08T20:27:03.360982+00:00,matplotlib,170k_line,,started,/Users/zwong/repos/personal-projects/benchmarks/python_src/outputs/matplotlib_170k_line.png,
d1ccd1de27dd4a829fe71f5e177fbb4c,2026-05-08T20:27:03.360982+00:00,matplotlib,170k_line,0.828169,ok,/Users/zwong/repos/personal-projects/benchmarks/python_src/outputs/matplotlib_170k_line.png,
d1ccd1de27dd4a829fe71f5e177fbb4c,2026-05-08T20:27:03.360982+00:00,matplotlib,850k_line,,started,/Users/zwong/repos/personal-projects/benchmarks/python_src/outputs/matplotlib_850k_line.png,
d1ccd1de27dd4a829fe71f5e177fbb4c,2026-05-08T20:27:03.360982+00:00,matplotlib,850k_line,1.050850,ok,/Users/zwong/repos/personal-projects/benchmarks/python_src/outputs/matplotlib_850k_line.png,
d1ccd1de27dd4a829fe71f5e177fbb4c,2026-05-08T20:27:03.360982+00:00,matplotlib,1m_histogram,,started,/Users/zwong/repos/personal-projects/benchmarks/python_src/outputs/matplotlib_1m_histogram.png,
d1ccd1de27dd4a829fe71f5e177fbb4c,2026-05-08T20:27:03.360982+00:00,matplotlib,1m_histogram,0.908603,ok,/Users/zwong/repos/personal-projects/benchmarks/python_src/outputs/matplotlib_1m_histogram.png,
d1ccd1de27dd4a829fe71f5e177fbb4c,2026-05-08T20:27:03.360982+00:00,matplotlib,10m_histogram,,started,/Users/zwong/repos/personal-projects/benchmarks/python_src/outputs/matplotlib_10m_histogram.png,
d1ccd1de27dd4a829fe71f5e177fbb4c,2026-05-08T20:27:03.360982+00:00,matplotlib,10m_histogram,5.235565,ok,/Users/zwong/repos/personal-projects/benchmarks/python_src/outputs/matplotlib_10m_histogram.png,
d1ccd1de27dd4a829fe71f5e177fbb4c,2026-05-08T20:27:03.360982+00:00,matplotlib,500k_scatter,,started,/Users/zwong/repos/personal-projects/benchmarks/python_src/outputs/matplotlib_500k_scatter.png,
d1ccd1de27dd4a829fe71f5e177fbb4c,2026-05-08T20:27:03.360982+00:00,matplotlib,500k_scatter,2.080713,ok,/Users/zwong/repos/personal-projects/benchmarks/python_src/outputs/matplotlib_500k_scatter.png,
d1ccd1de27dd4a829fe71f5e177fbb4c,2026-05-08T20:27:03.360982+00:00,matplotlib,5m_scatter,,started,/Users/zwong/repos/personal-projects/benchmarks/python_src/outputs/matplotlib_5m_scatter.png,
d1ccd1de27dd4a829fe71f5e177fbb4c,2026-05-08T20:27:03.360982+00:00,matplotlib,5m_scatter,16.924946,ok,/Users/zwong/repos/personal-projects/benchmarks/python_src/outputs/matplotlib_5m_scatter.png,
a3040ffe769549409e5e5576fff62371,2026-05-08T20:27:31.125397+00:00,matplotlib,85k_line,,started,/Users/zwong/repos/personal-projects/benchmarks/python_src/outputs/matplotlib_85k_line.png,
a3040ffe769549409e5e5576fff62371,2026-05-08T20:27:31.125397+00:00,matplotlib,85k_line,0.715078,ok,/Users/zwong/repos/personal-projects/benchmarks/python_src/outputs/matplotlib_85k_line.png,
a3040ffe769549409e5e5576fff62371,2026-05-08T20:27:31.125397+00:00,matplotlib,170k_line,,started,/Users/zwong/repos/personal-projects/benchmarks/python_src/outputs/matplotlib_170k_line.png,
a3040ffe769549409e5e5576fff62371,2026-05-08T20:27:31.125397+00:00,matplotlib,170k_line,0.827276,ok,/Users/zwong/repos/personal-projects/benchmarks/python_src/outputs/matplotlib_170k_line.png,
a3040ffe769549409e5e5576fff62371,2026-05-08T20:27:31.125397+00:00,matplotlib,850k_line,,started,/Users/zwong/repos/personal-projects/benchmarks/python_src/outputs/matplotlib_850k_line.png,
a3040ffe769549409e5e5576fff62371,2026-05-08T20:27:31.125397+00:00,matplotlib,850k_line,1.052963,ok,/Users/zwong/repos/personal-projects/benchmarks/python_src/outputs/matplotlib_850k_line.png,
a3040ffe769549409e5e5576fff62371,2026-05-08T20:27:31.125397+00:00,matplotlib,1m_histogram,,started,/Users/zwong/repos/personal-projects/benchmarks/python_src/outputs/matplotlib_1m_histogram.png,
a3040ffe769549409e5e5576fff62371,2026-05-08T20:27:31.125397+00:00,matplotlib,1m_histogram,0.903352,ok,/Users/zwong/repos/personal-projects/benchmarks/python_src/outputs/matplotlib_1m_histogram.png,
a3040ffe769549409e5e5576fff62371,2026-05-08T20:27:31.125397+00:00,matplotlib,10m_histogram,,started,/Users/zwong/repos/personal-projects/benchmarks/python_src/outputs/matplotlib_10m_histogram.png,
a3040ffe769549409e5e5576fff62371,2026-05-08T20:27:31.125397+00:00,matplotlib,10m_histogram,5.396888,ok,/Users/zwong/repos/personal-projects/benchmarks/python_src/outputs/matplotlib_10m_histogram.png,
a3040ffe769549409e5e5576fff62371,2026-05-08T20:27:31.125397+00:00,matplotlib,500k_scatter,,started,/Users/zwong/repos/personal-projects/benchmarks/python_src/outputs/matplotlib_500k_scatter.png,
a3040ffe769549409e5e5576fff62371,2026-05-08T20:27:31.125397+00:00,matplotlib,500k_scatter,2.091820,ok,/Users/zwong/repos/personal-projects/benchmarks/python_src/outputs/matplotlib_500k_scatter.png,
a3040ffe769549409e5e5576fff62371,2026-05-08T20:27:31.125397+00:00,matplotlib,5m_scatter,,started,/Users/zwong/repos/personal-projects/benchmarks/python_src/outputs/matplotlib_5m_scatter.png,
a3040ffe769549409e5e5576fff62371,2026-05-08T20:27:31.125397+00:00,matplotlib,5m_scatter,16.938855,ok,/Users/zwong/repos/personal-projects/benchmarks/python_src/outputs/matplotlib_5m_scatter.png,
ee731d11b627431ea8efc048e0be51d3,2026-05-08T20:27:59.056397+00:00,matplotlib,85k_line,,started,/Users/zwong/repos/personal-projects/benchmarks/python_src/outputs/matplotlib_85k_line.png,
ee731d11b627431ea8efc048e0be51d3,2026-05-08T20:27:59.056397+00:00,matplotlib,85k_line,0.726902,ok,/Users/zwong/repos/personal-projects/benchmarks/python_src/outputs/matplotlib_85k_line.png,
ee731d11b627431ea8efc048e0be51d3,2026-05-08T20:27:59.056397+00:00,matplotlib,170k_line,,started,/Users/zwong/repos/personal-projects/benchmarks/python_src/outputs/matplotlib_170k_line.png,
ee731d11b627431ea8efc048e0be51d3,2026-05-08T20:27:59.056397+00:00,matplotlib,170k_line,0.843190,ok,/Users/zwong/repos/personal-projects/benchmarks/python_src/outputs/matplotlib_170k_line.png,
ee731d11b627431ea8efc048e0be51d3,2026-05-08T20:27:59.056397+00:00,matplotlib,850k_line,,started,/Users/zwong/repos/personal-projects/benchmarks/python_src/outputs/matplotlib_850k_line.png,
ee731d11b627431ea8efc048e0be51d3,2026-05-08T20:27:59.056397+00:00,matplotlib,850k_line,1.060121,ok,/Users/zwong/repos/personal-projects/benchmarks/python_src/outputs/matplotlib_850k_line.png,
ee731d11b627431ea8efc048e0be51d3,2026-05-08T20:27:59.056397+00:00,matplotlib,1m_histogram,,started,/Users/zwong/repos/personal-projects/benchmarks/python_src/outputs/matplotlib_1m_histogram.png,
ee731d11b627431ea8efc048e0be51d3,2026-05-08T20:27:59.056397+00:00,matplotlib,1m_histogram,0.914831,ok,/Users/zwong/repos/personal-projects/benchmarks/python_src/outputs/matplotlib_1m_histogram.png,
ee731d11b627431ea8efc048e0be51d3,2026-05-08T20:27:59.056397+00:00,matplotlib,10m_histogram,,started,/Users/zwong/repos/personal-projects/benchmarks/python_src/outputs/matplotlib_10m_histogram.png,
ee731d11b627431ea8efc048e0be51d3,2026-05-08T20:27:59.056397+00:00,matplotlib,10m_histogram,5.354752,ok,/Users/zwong/repos/personal-projects/benchmarks/python_src/outputs/matplotlib_10m_histogram.png,
ee731d11b627431ea8efc048e0be51d3,2026-05-08T20:27:59.056397+00:00,matplotlib,500k_scatter,,started,/Users/zwong/repos/personal-projects/benchmarks/python_src/outputs/matplotlib_500k_scatter.png,
ee731d11b627431ea8efc048e0be51d3,2026-05-08T20:27:59.056397+00:00,matplotlib,500k_scatter,2.098018,ok,/Users/zwong/repos/personal-projects/benchmarks/python_src/outputs/matplotlib_500k_scatter.png,
ee731d11b627431ea8efc048e0be51d3,2026-05-08T20:27:59.056397+00:00,matplotlib,5m_scatter,,started,/Users/zwong/repos/personal-projects/benchmarks/python_src/outputs/matplotlib_5m_scatter.png,
ee731d11b627431ea8efc048e0be51d3,2026-05-08T20:27:59.056397+00:00,matplotlib,5m_scatter,17.316112,ok,/Users/zwong/repos/personal-projects/benchmarks/python_src/outputs/matplotlib_5m_scatter.png,
cffecc2bbfc64940940a89a6a5326897,2026-05-08T20:28:27.375078+00:00,matplotlib,85k_line,,started,/Users/zwong/repos/personal-projects/benchmarks/python_src/outputs/matplotlib_85k_line.png,
cffecc2bbfc64940940a89a6a5326897,2026-05-08T20:28:27.375078+00:00,matplotlib,85k_line,0.764841,ok,/Users/zwong/repos/personal-projects/benchmarks/python_src/outputs/matplotlib_85k_line.png,
cffecc2bbfc64940940a89a6a5326897,2026-05-08T20:28:27.375078+00:00,matplotlib,170k_line,,started,/Users/zwong/repos/personal-projects/benchmarks/python_src/outputs/matplotlib_170k_line.png,
cffecc2bbfc64940940a89a6a5326897,2026-05-08T20:28:27.375078+00:00,matplotlib,170k_line,0.875215,ok,/Users/zwong/repos/personal-projects/benchmarks/python_src/outputs/matplotlib_170k_line.png,
cffecc2bbfc64940940a89a6a5326897,2026-05-08T20:28:27.375078+00:00,matplotlib,850k_line,,started,/Users/zwong/repos/personal-projects/benchmarks/python_src/outputs/matplotlib_850k_line.png,
cffecc2bbfc64940940a89a6a5326897,2026-05-08T20:28:27.375078+00:00,matplotlib,850k_line,1.111200,ok,/Users/zwong/repos/personal-projects/benchmarks/python_src/outputs/matplotlib_850k_line.png,
cffecc2bbfc64940940a89a6a5326897,2026-05-08T20:28:27.375078+00:00,matplotlib,1m_histogram,,started,/Users/zwong/repos/personal-projects/benchmarks/python_src/outputs/matplotlib_1m_histogram.png,
cffecc2bbfc64940940a89a6a5326897,2026-05-08T20:28:27.375078+00:00,matplotlib,1m_histogram,0.960633,ok,/Users/zwong/repos/personal-projects/benchmarks/python_src/outputs/matplotlib_1m_histogram.png,
cffecc2bbfc64940940a89a6a5326897,2026-05-08T20:28:27.375078+00:00,matplotlib,10m_histogram,,started,/Users/zwong/repos/personal-projects/benchmarks/python_src/outputs/matplotlib_10m_histogram.png,
cffecc2bbfc64940940a89a6a5326897,2026-05-08T20:28:27.375078+00:00,matplotlib,10m_histogram,5.587246,ok,/Users/zwong/repos/personal-projects/benchmarks/python_src/outputs/matplotlib_10m_histogram.png,
cffecc2bbfc64940940a89a6a5326897,2026-05-08T20:28:27.375078+00:00,matplotlib,500k_scatter,,started,/Users/zwong/repos/personal-projects/benchmarks/python_src/outputs/matplotlib_500k_scatter.png,
cffecc2bbfc64940940a89a6a5326897,2026-05-08T20:28:27.375078+00:00,matplotlib,500k_scatter,2.149316,ok,/Users/zwong/repos/personal-projects/benchmarks/python_src/outputs/matplotlib_500k_scatter.png,
cffecc2bbfc64940940a89a6a5326897,2026-05-08T20:28:27.375078+00:00,matplotlib,5m_scatter,,started,/Users/zwong/repos/personal-projects/benchmarks/python_src/outputs/matplotlib_5m_scatter.png,
cffecc2bbfc64940940a89a6a5326897,2026-05-08T20:28:27.375078+00:00,matplotlib,5m_scatter,17.706364,ok,/Users/zwong/repos/personal-projects/benchmarks/python_src/outputs/matplotlib_5m_scatter.png,
3ae2d6f6152b43e9a64d80d18541c931,2026-05-08T20:30:25.441449+00:00,altair,85k_line,,started,/Users/zwong/repos/personal-projects/benchmarks/python_src/outputs/altair_85k_line.png,
3ae2d6f6152b43e9a64d80d18541c931,2026-05-08T20:30:25.441449+00:00,altair,85k_line,1.394433,ok,/Users/zwong/repos/personal-projects/benchmarks/python_src/outputs/altair_85k_line.png,
3ae2d6f6152b43e9a64d80d18541c931,2026-05-08T20:30:25.441449+00:00,altair,170k_line,,started,/Users/zwong/repos/personal-projects/benchmarks/python_src/outputs/altair_170k_line.png,
3ae2d6f6152b43e9a64d80d18541c931,2026-05-08T20:30:25.441449+00:00,altair,170k_line,2.349327,ok,/Users/zwong/repos/personal-projects/benchmarks/python_src/outputs/altair_170k_line.png,
3ae2d6f6152b43e9a64d80d18541c931,2026-05-08T20:30:25.441449+00:00,altair,850k_line,,started,/Users/zwong/repos/personal-projects/benchmarks/python_src/outputs/altair_850k_line.png,
3ae2d6f6152b43e9a64d80d18541c931,2026-05-08T20:30:25.441449+00:00,altair,850k_line,13.113745,ok,/Users/zwong/repos/personal-projects/benchmarks/python_src/outputs/altair_850k_line.png,
3ae2d6f6152b43e9a64d80d18541c931,2026-05-08T20:30:25.441449+00:00,altair,1m_histogram,,started,/Users/zwong/repos/personal-projects/benchmarks/python_src/outputs/altair_1m_histogram.png,
3ae2d6f6152b43e9a64d80d18541c931,2026-05-08T20:30:25.441449+00:00,altair,1m_histogram,2.049380,ok,/Users/zwong/repos/personal-projects/benchmarks/python_src/outputs/altair_1m_histogram.png,
3ae2d6f6152b43e9a64d80d18541c931,2026-05-08T20:30:25.441449+00:00,altair,10m_histogram,,started,/Users/zwong/repos/personal-projects/benchmarks/python_src/outputs/altair_10m_histogram.png,
3ae2d6f6152b43e9a64d80d18541c931,2026-05-08T20:30:25.441449+00:00,altair,10m_histogram,25.154564,error,/Users/zwong/repos/personal-projects/benchmarks/python_src/outputs/altair_10m_histogram.png,"<--- Last few GCs --->

[88154:0x118078000]    11146 ms: Scavenge (reduce) (interleaved) 1394.4 (1399.5) -> 1394.4 (1397.0) MB, pooled: 0 MB, 3.00 / 0.00 ms  (average mu = 0.156, current mu = 0.098) allocation failure; 
[88154:0x118078000]    11399 ms: Mark-Compact (reduce) 1394.4 (1397.0) -> 1394.3 (1396.5) MB, pooled: 0 MB, 253.33 / 0.00 ms  (+ 0.2 ms in 0 steps since start of marking, biggest step 0.0 ms, walltime since start of marking 259 ms) (average mu = 0.130, cu

<--- JS stacktrace --->



#
# Fatal JavaScript out of memory: Ineffective mark-compacts near heap limit
#
==== C stack trace ===============================

    0   vl_convert.abi3.so                  0x00000003ae4fd5a0 v8_inspector__V8Inspector__Channel__BASE__sendResponse + 77012
    1   vl_convert.abi3.so                  0x00000003ae5033f8 v8_inspector__V8Inspector__Channel__BASE__sendResponse + 101164
    2   vl_convert.abi3.so                  0x00000003ae4f3b18 v8_inspector__V8Inspector__Channel__BASE__sendResponse + 37452
    3   vl_convert.abi3.so                  0x00000003ae557830 v8_inspector__V8Inspector__Channel__BASE__sendResponse + 446308
    4   vl_convert.abi3.so                  0x00000003ae7172d8 v8_inspector__V8Inspector__Channel__BASE__sendResponse + 2279948
    5   vl_convert.abi3.so                  0x00000003ae729c3c v8_inspector__V8Inspector__Channel__BASE__sendResponse + 2356080
    6   vl_convert.abi3.so                  0x00000003ae7294f8 v8_inspector__V8Inspector__Channel__BASE__sendResponse + 2354220
    7   vl_convert.abi3.so                  0x00000003aef71af0 v8_inspector__V8Inspector__Channel__BASE__sendResponse + 11039268
    8   vl_convert.abi3.so                  0x00000003ae715454 v8_inspector__V8Inspector__Channel__BASE__sendResponse + 2272136
    9   vl_convert.abi3.so                  0x00000003ae69f874 v8_inspector__V8Inspector__Channel__BASE__sendResponse + 1789864
    10  vl_convert.abi3.so                  0x00000003aead9138 v8_inspector__V8Inspector__Channel__BASE__sendResponse + 6219884
    11  vl_convert.abi3.so                  0x00000003af86b9f4 v8_inspector__V8Inspector__Channel__BASE__sendResponse + 20451624
    12  ???                                 0x00000004bcec30a4 0x0 + 20349464740
    13  vl_convert.abi3.so                  0x00000003af886648 v8_inspector__V8Inspector__Channel__BASE__sendResponse + 20561276
    14  vl_convert.abi3.so                  0x00000003af7d4838 v8_inspector__V8Inspector__Channel__BASE__sendResponse + 19832684
    15  vl_convert.abi3.so                  0x00000003af7d4838 v8_inspector__V8Inspector__Channel__BASE__sendResponse + 19832684
    16  vl_convert.abi3.so                  0x00000003af7d4838 v8_inspector__V8Inspector__Channel__BASE__sendResponse + 19832684
    17  vl_convert.abi3.so                  0x00000003af7d4838 v8_inspector__V8Inspector__Channel__BASE__sendResponse + 19832684
    18  vl_convert.abi3.so                  0x00000003af7d4838 v8_inspector__V8Inspector__Channel__BASE__sendResponse + 19832684
    19  vl_convert.abi3.so                  0x00000003af7d4838 v8_inspector__V8Inspector__Channel__BASE__sendResponse + 19832684
    20  vl_convert.abi3.so                  0x00000003af7d4838 v8_inspector__V8Inspector__Channel__BASE__sendResponse + 19832684
    21  vl_convert.abi3.so                  0x00000003af7d4838 v8_inspector__V8Inspector__Channel__BASE__sendResponse + 19832684
    22  vl_convert.abi3.so                  0x00000003af7d4838 v8_inspector__V8Inspector__Channel__BASE__sendResponse + 19832684
    23  vl_convert.abi3.so                  0x00000003af7d4838 v8_inspector__V8Inspector__Channel__BASE__sendResponse + 19832684
    24  vl_convert.abi3.so                  0x00000003af7d4838 v8_inspector__V8Inspector__Channel__BASE__sendResponse + 19832684
    25  vl_convert.abi3.so                  0x00000003af7d250c v8_inspector__V8Inspector__Channel__BASE__sendResponse + 19823680
    26  vl_convert.abi3.so                  0x00000003af7d21b0 v8_inspector__V8Inspector__Channel__BASE__sendResponse + 19822820
    27  vl_convert.abi3.so                  0x00000003ae674798 v8_inspector__V8Inspector__Channel__BASE__sendResponse + 1613516
    28  vl_convert.abi3.so                  0x00000003ae674da4 v8_inspector__V8Inspector__Channel__BASE__sendResponse + 1615064
    29  vl_convert.abi3.so                  0x00000003ae55acac v8_inspector__V8Inspector__Channel__BASE__sendResponse + 459744
    30  vl_convert.abi3.so                  0x00000003ae4689a4 wgpu_render_bundle_set_vertex_buffer + 7935172
    31  vl_convert.abi3.so                  0x00000003ad970438 PyInit_vl_convert + 3867704
    32  vl_convert.abi3.so                  0x00000003ad5eace0 PyInit_vl_convert + 175328
    33  vl_convert.abi3.so                  0x00000003ad6001b8 PyInit_vl_convert + 262584
    34  vl_convert.abi3.so                  0x00000003ad5ff14c PyInit_vl_convert + 258380
    35  vl_convert.abi3.so                  0x00000003ad5f1670 PyInit_vl_convert + 202352
    36  vl_convert.abi3.so                  0x00000003ad5ff050 PyInit_vl_convert + 258128
    37  vl_convert.abi3.so                  0x00000003ad6003d0 PyInit_vl_convert + 263120
    38  vl_convert.abi3.so                  0x00000003ad600490 PyInit_vl_convert + 263312
    39  vl_convert.abi3.so                  0x00000003ad5ff7fc PyInit_vl_convert + 260092
    40  vl_convert.abi3.so                  0x00000003ad5fff2c PyInit_vl_convert + 261932
    41  vl_convert.abi3.so                  0x00000003ad5ffa10 PyInit_vl_convert + 260624
    42  vl_convert.abi3.so                  0x00000003ad5f1374 PyInit_vl_convert + 201588
    43  vl_convert.abi3.so                  0x00000003ad5f412c PyInit_vl_convert + 213292
    44  vl_convert.abi3.so                  0x00000003af9aa41c v8_inspector__V8Inspector__Channel__BASE__sendResponse + 21756752
    45  libsystem_pthread.dylib             0x000000019c3942e4 _pthread_start + 136
    46  libsystem_pthread.dylib             0x000000019c38f0fc thread_start + 8"
3ae2d6f6152b43e9a64d80d18541c931,2026-05-08T20:30:25.441449+00:00,altair,500k_scatter,,started,/Users/zwong/repos/personal-projects/benchmarks/python_src/outputs/altair_500k_scatter.png,
3ae2d6f6152b43e9a64d80d18541c931,2026-05-08T20:30:25.441449+00:00,altair,500k_scatter,9.892741,ok,/Users/zwong/repos/personal-projects/benchmarks/python_src/outputs/altair_500k_scatter.png,
3ae2d6f6152b43e9a64d80d18541c931,2026-05-08T20:30:25.441449+00:00,altair,5m_scatter,,started,/Users/zwong/repos/personal-projects/benchmarks/python_src/outputs/altair_5m_scatter.png,
3ae2d6f6152b43e9a64d80d18541c931,2026-05-08T20:30:25.441449+00:00,altair,5m_scatter,19.609838,error,/Users/zwong/repos/personal-projects/benchmarks/python_src/outputs/altair_5m_scatter.png,"<--- Last few GCs --->

[88230:0x118130000]     7750 ms: Scavenge (interleaved) 1355.2 (1403.5) -> 1355.1 (1425.5) MB, pooled: 0 MB, 10.08 / 0.00 ms  (average mu = 0.425, current mu = 0.270) allocation failure; 
[88230:0x118130000]     8423 ms: Mark-Compact 1370.1 (1425.5) -> 1370.0 (1441.5) MB, pooled: 0 MB, 670.83 / 0.00 ms  (average mu = 0.217, current mu = 0.035) allocation failure; scavenge might not succeed


<--- JS stacktrace --->



#
# Fatal JavaScript out of memory: Reached heap limit
#
==== C stack trace ===============================

    0   vl_convert.abi3.so                  0x00000003741855a0 v8_inspector__V8Inspector__Channel__BASE__sendResponse + 77012
    1   vl_convert.abi3.so                  0x000000037418b3f8 v8_inspector__V8Inspector__Channel__BASE__sendResponse + 101164
    2   vl_convert.abi3.so                  0x000000037417bb18 v8_inspector__V8Inspector__Channel__BASE__sendResponse + 37452
    3   vl_convert.abi3.so                  0x00000003741df830 v8_inspector__V8Inspector__Channel__BASE__sendResponse + 446308
    4   vl_convert.abi3.so                  0x000000037439f2d8 v8_inspector__V8Inspector__Channel__BASE__sendResponse + 2279948
    5   vl_convert.abi3.so                  0x000000037439d64c v8_inspector__V8Inspector__Channel__BASE__sendResponse + 2272640
    6   vl_convert.abi3.so                  0x0000000374394784 v8_inspector__V8Inspector__Channel__BASE__sendResponse + 2236088
    7   vl_convert.abi3.so                  0x0000000374395170 v8_inspector__V8Inspector__Channel__BASE__sendResponse + 2238628
    8   vl_convert.abi3.so                  0x000000037437ac30 v8_inspector__V8Inspector__Channel__BASE__sendResponse + 2130788
    9   vl_convert.abi3.so                  0x000000037476153c v8_inspector__V8Inspector__Channel__BASE__sendResponse + 6220912
    10  vl_convert.abi3.so                  0x00000003754f39f4 v8_inspector__V8Inspector__Channel__BASE__sendResponse + 20451624
    11  ???                                 0x00000003f90bdf9c 0x0 + 17063206812
    12  ???                                 0x00000003f90bdbd0 0x0 + 17063205840
    13  vl_convert.abi3.so                  0x000000037550e648 v8_inspector__V8Inspector__Channel__BASE__sendResponse + 20561276
    14  ???                                 0x00000003f9036e04 0x0 + 17062653444
    15  ???                                 0x00000003f9037050 0x0 + 17062654032
    16  vl_convert.abi3.so                  0x000000037545c838 v8_inspector__V8Inspector__Channel__BASE__sendResponse + 19832684
    17  ???                                 0x00000003f90b9690 0x0 + 17063188112
    18  ???                                 0x00000003f90b9920 0x0 + 17063188768
    19  ???                                 0x00000003f904091c 0x0 + 17062693148
    20  vl_convert.abi3.so                  0x000000037545c838 v8_inspector__V8Inspector__Channel__BASE__sendResponse + 19832684
    21  vl_convert.abi3.so                  0x000000037545c838 v8_inspector__V8Inspector__Channel__BASE__sendResponse + 19832684
    22  vl_convert.abi3.so                  0x000000037545c838 v8_inspector__V8Inspector__Channel__BASE__sendResponse + 19832684
    23  vl_convert.abi3.so                  0x000000037545c838 v8_inspector__V8Inspector__Channel__BASE__sendResponse + 19832684
    24  vl_convert.abi3.so                  0x000000037545c838 v8_inspector__V8Inspector__Channel__BASE__sendResponse + 19832684
    25  vl_convert.abi3.so                  0x000000037545a50c v8_inspector__V8Inspector__Channel__BASE__sendResponse + 19823680
    26  vl_convert.abi3.so                  0x000000037545a1b0 v8_inspector__V8Inspector__Channel__BASE__sendResponse + 19822820
    27  vl_convert.abi3.so                  0x00000003742fc798 v8_inspector__V8Inspector__Channel__BASE__sendResponse + 1613516
    28  vl_convert.abi3.so                  0x00000003742fcda4 v8_inspector__V8Inspector__Channel__BASE__sendResponse + 1615064
    29  vl_convert.abi3.so                  0x00000003741e2cac v8_inspector__V8Inspector__Channel__BASE__sendResponse + 459744
    30  vl_convert.abi3.so                  0x00000003740f09a4 wgpu_render_bundle_set_vertex_buffer + 7935172
    31  vl_convert.abi3.so                  0x00000003735f8438 PyInit_vl_convert + 3867704
    32  vl_convert.abi3.so                  0x0000000373272ce0 PyInit_vl_convert + 175328
    33  vl_convert.abi3.so                  0x00000003732881b8 PyInit_vl_convert + 262584
    34  vl_convert.abi3.so                  0x000000037328714c PyInit_vl_convert + 258380
    35  vl_convert.abi3.so                  0x0000000373279670 PyInit_vl_convert + 202352
    36  vl_convert.abi3.so                  0x0000000373287050 PyInit_vl_convert + 258128
    37  vl_convert.abi3.so                  0x00000003732883d0 PyInit_vl_convert + 263120
    38  vl_convert.abi3.so                  0x0000000373288490 PyInit_vl_convert + 263312
    39  vl_convert.abi3.so                  0x00000003732877fc PyInit_vl_convert + 260092
    40  vl_convert.abi3.so                  0x0000000373287f2c PyInit_vl_convert + 261932
    41  vl_convert.abi3.so                  0x0000000373287a10 PyInit_vl_convert + 260624
    42  vl_convert.abi3.so                  0x0000000373279374 PyInit_vl_convert + 201588
    43  vl_convert.abi3.so                  0x000000037327c12c PyInit_vl_convert + 213292
    44  vl_convert.abi3.so                  0x000000037563241c v8_inspector__V8Inspector__Channel__BASE__sendResponse + 21756752
    45  libsystem_pthread.dylib             0x000000019c3942e4 _pthread_start + 136
    46  libsystem_pthread.dylib             0x000000019c38f0fc thread_start + 8"
f50e888038c84cbe8c9c623912531263,2026-05-08T20:31:39.011662+00:00,altair,85k_line,,started,/Users/zwong/repos/personal-projects/benchmarks/python_src/outputs/altair_85k_line.png,
f50e888038c84cbe8c9c623912531263,2026-05-08T20:31:39.011662+00:00,altair,85k_line,1.394897,ok,/Users/zwong/repos/personal-projects/benchmarks/python_src/outputs/altair_85k_line.png,
f50e888038c84cbe8c9c623912531263,2026-05-08T20:31:39.011662+00:00,altair,170k_line,,started,/Users/zwong/repos/personal-projects/benchmarks/python_src/outputs/altair_170k_line.png,
f50e888038c84cbe8c9c623912531263,2026-05-08T20:31:39.011662+00:00,altair,170k_line,2.326168,ok,/Users/zwong/repos/personal-projects/benchmarks/python_src/outputs/altair_170k_line.png,
f50e888038c84cbe8c9c623912531263,2026-05-08T20:31:39.011662+00:00,altair,850k_line,,started,/Users/zwong/repos/personal-projects/benchmarks/python_src/outputs/altair_850k_line.png,
f50e888038c84cbe8c9c623912531263,2026-05-08T20:31:39.011662+00:00,altair,850k_line,12.359364,ok,/Users/zwong/repos/personal-projects/benchmarks/python_src/outputs/altair_850k_line.png,
f50e888038c84cbe8c9c623912531263,2026-05-08T20:31:39.011662+00:00,altair,1m_histogram,,started,/Users/zwong/repos/personal-projects/benchmarks/python_src/outputs/altair_1m_histogram.png,
f50e888038c84cbe8c9c623912531263,2026-05-08T20:31:39.011662+00:00,altair,1m_histogram,2.019067,ok,/Users/zwong/repos/personal-projects/benchmarks/python_src/outputs/altair_1m_histogram.png,
f50e888038c84cbe8c9c623912531263,2026-05-08T20:31:39.011662+00:00,altair,10m_histogram,,started,/Users/zwong/repos/personal-projects/benchmarks/python_src/outputs/altair_10m_histogram.png,
f50e888038c84cbe8c9c623912531263,2026-05-08T20:31:39.011662+00:00,altair,10m_histogram,24.332116,error,/Users/zwong/repos/personal-projects/benchmarks/python_src/outputs/altair_10m_histogram.png,"<--- Last few GCs --->

[88908:0x1100e8000]    10596 ms: Scavenge (interleaved) 1395.1 (1398.3) -> 1395.1 (1403.3) MB, pooled: 0 MB, 3.25 / 0.00 ms  (average mu = 0.168, current mu = 0.120) allocation failure; 
[88908:0x1100e8000]    10767 ms: Mark-Compact (reduce) 1396.2 (1403.3) -> 1396.2 (1398.3) MB, pooled: 0 MB, 153.58 / 0.00 ms  (+ 0.2 ms in 0 steps since start of marking, biggest step 0.0 ms, walltime since start of marking 156 ms) (average mu = 0.159, cu

<--- JS stacktrace --->



#
# Fatal JavaScript out of memory: Ineffective mark-compacts near heap limit
#
==== C stack trace ===============================

    0   vl_convert.abi3.so                  0x00000003aa3ad5a0 v8_inspector__V8Inspector__Channel__BASE__sendResponse + 77012
    1   vl_convert.abi3.so                  0x00000003aa3b33f8 v8_inspector__V8Inspector__Channel__BASE__sendResponse + 101164
    2   vl_convert.abi3.so                  0x00000003aa3a3b18 v8_inspector__V8Inspector__Channel__BASE__sendResponse + 37452
    3   vl_convert.abi3.so                  0x00000003aa407830 v8_inspector__V8Inspector__Channel__BASE__sendResponse + 446308
    4   vl_convert.abi3.so                  0x00000003aa5c72d8 v8_inspector__V8Inspector__Channel__BASE__sendResponse + 2279948
    5   vl_convert.abi3.so                  0x00000003aa5d9c3c v8_inspector__V8Inspector__Channel__BASE__sendResponse + 2356080
    6   vl_convert.abi3.so                  0x00000003aa5d94f8 v8_inspector__V8Inspector__Channel__BASE__sendResponse + 2354220
    7   vl_convert.abi3.so                  0x00000003aae21af0 v8_inspector__V8Inspector__Channel__BASE__sendResponse + 11039268
    8   vl_convert.abi3.so                  0x00000003aa5c5454 v8_inspector__V8Inspector__Channel__BASE__sendResponse + 2272136
    9   vl_convert.abi3.so                  0x00000003aa54f874 v8_inspector__V8Inspector__Channel__BASE__sendResponse + 1789864
    10  vl_convert.abi3.so                  0x00000003aa989138 v8_inspector__V8Inspector__Channel__BASE__sendResponse + 6219884
    11  vl_convert.abi3.so                  0x00000003ab71b9f4 v8_inspector__V8Inspector__Channel__BASE__sendResponse + 20451624
    12  ???                                 0x00000004b8c81704 0x0 + 20279990020
    13  vl_convert.abi3.so                  0x00000003ab736648 v8_inspector__V8Inspector__Channel__BASE__sendResponse + 20561276
    14  vl_convert.abi3.so                  0x00000003ab684838 v8_inspector__V8Inspector__Channel__BASE__sendResponse + 19832684
    15  vl_convert.abi3.so                  0x00000003ab684838 v8_inspector__V8Inspector__Channel__BASE__sendResponse + 19832684
    16  vl_convert.abi3.so                  0x00000003ab684838 v8_inspector__V8Inspector__Channel__BASE__sendResponse + 19832684
    17  vl_convert.abi3.so                  0x00000003ab684838 v8_inspector__V8Inspector__Channel__BASE__sendResponse + 19832684
    18  vl_convert.abi3.so                  0x00000003ab684838 v8_inspector__V8Inspector__Channel__BASE__sendResponse + 19832684
    19  vl_convert.abi3.so                  0x00000003ab684838 v8_inspector__V8Inspector__Channel__BASE__sendResponse + 19832684
    20  vl_convert.abi3.so                  0x00000003ab684838 v8_inspector__V8Inspector__Channel__BASE__sendResponse + 19832684
    21  vl_convert.abi3.so                  0x00000003ab684838 v8_inspector__V8Inspector__Channel__BASE__sendResponse + 19832684
    22  vl_convert.abi3.so                  0x00000003ab684838 v8_inspector__V8Inspector__Channel__BASE__sendResponse + 19832684
    23  vl_convert.abi3.so                  0x00000003ab684838 v8_inspector__V8Inspector__Channel__BASE__sendResponse + 19832684
    24  vl_convert.abi3.so                  0x00000003ab684838 v8_inspector__V8Inspector__Channel__BASE__sendResponse + 19832684
    25  vl_convert.abi3.so                  0x00000003ab68250c v8_inspector__V8Inspector__Channel__BASE__sendResponse + 19823680
    26  vl_convert.abi3.so                  0x00000003ab6821b0 v8_inspector__V8Inspector__Channel__BASE__sendResponse + 19822820
    27  vl_convert.abi3.so                  0x00000003aa524798 v8_inspector__V8Inspector__Channel__BASE__sendResponse + 1613516
    28  vl_convert.abi3.so                  0x00000003aa524da4 v8_inspector__V8Inspector__Channel__BASE__sendResponse + 1615064
    29  vl_convert.abi3.so                  0x00000003aa40acac v8_inspector__V8Inspector__Channel__BASE__sendResponse + 459744
    30  vl_convert.abi3.so                  0x00000003aa3189a4 wgpu_render_bundle_set_vertex_buffer + 7935172
    31  vl_convert.abi3.so                  0x00000003a9820438 PyInit_vl_convert + 3867704
    32  vl_convert.abi3.so                  0x00000003a949ace0 PyInit_vl_convert + 175328
    33  vl_convert.abi3.so                  0x00000003a94b01b8 PyInit_vl_convert + 262584
    34  vl_convert.abi3.so                  0x00000003a94af14c PyInit_vl_convert + 258380
    35  vl_convert.abi3.so                  0x00000003a94a1670 PyInit_vl_convert + 202352
    36  vl_convert.abi3.so                  0x00000003a94af050 PyInit_vl_convert + 258128
    37  vl_convert.abi3.so                  0x00000003a94b03d0 PyInit_vl_convert + 263120
    38  vl_convert.abi3.so                  0x00000003a94b0490 PyInit_vl_convert + 263312
    39  vl_convert.abi3.so                  0x00000003a94af7fc PyInit_vl_convert + 260092
    40  vl_convert.abi3.so                  0x00000003a94aff2c PyInit_vl_convert + 261932
    41  vl_convert.abi3.so                  0x00000003a94afa10 PyInit_vl_convert + 260624
    42  vl_convert.abi3.so                  0x00000003a94a1374 PyInit_vl_convert + 201588
    43  vl_convert.abi3.so                  0x00000003a94a412c PyInit_vl_convert + 213292
    44  vl_convert.abi3.so                  0x00000003ab85a41c v8_inspector__V8Inspector__Channel__BASE__sendResponse + 21756752
    45  libsystem_pthread.dylib             0x000000019c3942e4 _pthread_start + 136
    46  libsystem_pthread.dylib             0x000000019c38f0fc thread_start + 8"
f50e888038c84cbe8c9c623912531263,2026-05-08T20:31:39.011662+00:00,altair,500k_scatter,,started,/Users/zwong/repos/personal-projects/benchmarks/python_src/outputs/altair_500k_scatter.png,
f50e888038c84cbe8c9c623912531263,2026-05-08T20:31:39.011662+00:00,altair,500k_scatter,9.874979,ok,/Users/zwong/repos/personal-projects/benchmarks/python_src/outputs/altair_500k_scatter.png,
f50e888038c84cbe8c9c623912531263,2026-05-08T20:31:39.011662+00:00,altair,5m_scatter,,started,/Users/zwong/repos/personal-projects/benchmarks/python_src/outputs/altair_5m_scatter.png,
f50e888038c84cbe8c9c623912531263,2026-05-08T20:31:39.011662+00:00,altair,5m_scatter,18.971842,error,/Users/zwong/repos/personal-projects/benchmarks/python_src/outputs/altair_5m_scatter.png,"<--- Last few GCs --->

[88927:0x120008000]     7411 ms: Scavenge (interleaved) 1354.5 (1398.2) -> 1354.5 (1409.5) MB, pooled: 0 MB, 2.75 / 0.00 ms  (average mu = 0.388, current mu = 0.295) allocation failure; 
[88927:0x120008000]     7968 ms: Mark-Compact 1361.4 (1409.5) -> 1361.3 (1416.7) MB, pooled: 0 MB, 555.83 / 0.00 ms  (average mu = 0.180, current mu = 0.016) allocation failure; scavenge might not succeed


<--- JS stacktrace --->



#
# Fatal JavaScript out of memory: Reached heap limit
#
==== C stack trace ===============================

    0   vl_convert.abi3.so                  0x00000003711855a0 v8_inspector__V8Inspector__Channel__BASE__sendResponse + 77012
    1   vl_convert.abi3.so                  0x000000037118b3f8 v8_inspector__V8Inspector__Channel__BASE__sendResponse + 101164
    2   vl_convert.abi3.so                  0x000000037117bb18 v8_inspector__V8Inspector__Channel__BASE__sendResponse + 37452
    3   vl_convert.abi3.so                  0x00000003711df830 v8_inspector__V8Inspector__Channel__BASE__sendResponse + 446308
    4   vl_convert.abi3.so                  0x000000037139f2d8 v8_inspector__V8Inspector__Channel__BASE__sendResponse + 2279948
    5   vl_convert.abi3.so                  0x000000037139d64c v8_inspector__V8Inspector__Channel__BASE__sendResponse + 2272640
    6   vl_convert.abi3.so                  0x0000000371394784 v8_inspector__V8Inspector__Channel__BASE__sendResponse + 2236088
    7   vl_convert.abi3.so                  0x0000000371395170 v8_inspector__V8Inspector__Channel__BASE__sendResponse + 2238628
    8   vl_convert.abi3.so                  0x000000037137ac30 v8_inspector__V8Inspector__Channel__BASE__sendResponse + 2130788
    9   vl_convert.abi3.so                  0x000000037176153c v8_inspector__V8Inspector__Channel__BASE__sendResponse + 6220912
    10  vl_convert.abi3.so                  0x00000003724f39f4 v8_inspector__V8Inspector__Channel__BASE__sendResponse + 20451624
    11  ???                                 0x00000003f4e413fc 0x0 + 16993489916
    12  ???                                 0x00000003f4e41030 0x0 + 16993488944
    13  vl_convert.abi3.so                  0x000000037250e648 v8_inspector__V8Inspector__Channel__BASE__sendResponse + 20561276
    14  ???                                 0x00000003f4df9fa4 0x0 + 16993197988
    15  ???                                 0x00000003f4dfb0d0 0x0 + 16993202384
    16  vl_convert.abi3.so                  0x000000037245c838 v8_inspector__V8Inspector__Channel__BASE__sendResponse + 19832684
    17  ???                                 0x00000003f4df7890 0x0 + 16993187984
    18  ???                                 0x00000003f4df7b20 0x0 + 16993188640
    19  ???                                 0x00000003f4dfc43c 0x0 + 16993207356
    20  vl_convert.abi3.so                  0x000000037245c838 v8_inspector__V8Inspector__Channel__BASE__sendResponse + 19832684
    21  vl_convert.abi3.so                  0x000000037245c838 v8_inspector__V8Inspector__Channel__BASE__sendResponse + 19832684
    22  vl_convert.abi3.so                  0x000000037245c838 v8_inspector__V8Inspector__Channel__BASE__sendResponse + 19832684
    23  vl_convert.abi3.so                  0x000000037245c838 v8_inspector__V8Inspector__Channel__BASE__sendResponse + 19832684
    24  vl_convert.abi3.so                  0x000000037245c838 v8_inspector__V8Inspector__Channel__BASE__sendResponse + 19832684
    25  vl_convert.abi3.so                  0x000000037245a50c v8_inspector__V8Inspector__Channel__BASE__sendResponse + 19823680
    26  vl_convert.abi3.so                  0x000000037245a1b0 v8_inspector__V8Inspector__Channel__BASE__sendResponse + 19822820
    27  vl_convert.abi3.so                  0x00000003712fc798 v8_inspector__V8Inspector__Channel__BASE__sendResponse + 1613516
    28  vl_convert.abi3.so                  0x00000003712fcda4 v8_inspector__V8Inspector__Channel__BASE__sendResponse + 1615064
    29  vl_convert.abi3.so                  0x00000003711e2cac v8_inspector__V8Inspector__Channel__BASE__sendResponse + 459744
    30  vl_convert.abi3.so                  0x00000003710f09a4 wgpu_render_bundle_set_vertex_buffer + 7935172
    31  vl_convert.abi3.so                  0x00000003705f8438 PyInit_vl_convert + 3867704
    32  vl_convert.abi3.so                  0x0000000370272ce0 PyInit_vl_convert + 175328
    33  vl_convert.abi3.so                  0x00000003702881b8 PyInit_vl_convert + 262584
    34  vl_convert.abi3.so                  0x000000037028714c PyInit_vl_convert + 258380
    35  vl_convert.abi3.so                  0x0000000370279670 PyInit_vl_convert + 202352
    36  vl_convert.abi3.so                  0x0000000370287050 PyInit_vl_convert + 258128
    37  vl_convert.abi3.so                  0x00000003702883d0 PyInit_vl_convert + 263120
    38  vl_convert.abi3.so                  0x0000000370288490 PyInit_vl_convert + 263312
    39  vl_convert.abi3.so                  0x00000003702877fc PyInit_vl_convert + 260092
    40  vl_convert.abi3.so                  0x0000000370287f2c PyInit_vl_convert + 261932
    41  vl_convert.abi3.so                  0x0000000370287a10 PyInit_vl_convert + 260624
    42  vl_convert.abi3.so                  0x0000000370279374 PyInit_vl_convert + 201588
    43  vl_convert.abi3.so                  0x000000037027c12c PyInit_vl_convert + 213292
    44  vl_convert.abi3.so                  0x000000037263241c v8_inspector__V8Inspector__Channel__BASE__sendResponse + 21756752
    45  libsystem_pthread.dylib             0x000000019c3942e4 _pthread_start + 136
    46  libsystem_pthread.dylib             0x000000019c38f0fc thread_start + 8"
8f3787bd6fe54ed0812a17731ba5a82a,2026-05-08T20:32:50.295083+00:00,altair,85k_line,,started,/Users/zwong/repos/personal-projects/benchmarks/python_src/outputs/altair_85k_line.png,
8f3787bd6fe54ed0812a17731ba5a82a,2026-05-08T20:32:50.295083+00:00,altair,85k_line,1.389034,ok,/Users/zwong/repos/personal-projects/benchmarks/python_src/outputs/altair_85k_line.png,
8f3787bd6fe54ed0812a17731ba5a82a,2026-05-08T20:32:50.295083+00:00,altair,170k_line,,started,/Users/zwong/repos/personal-projects/benchmarks/python_src/outputs/altair_170k_line.png,
8f3787bd6fe54ed0812a17731ba5a82a,2026-05-08T20:32:50.295083+00:00,altair,170k_line,2.258057,ok,/Users/zwong/repos/personal-projects/benchmarks/python_src/outputs/altair_170k_line.png,
8f3787bd6fe54ed0812a17731ba5a82a,2026-05-08T20:32:50.295083+00:00,altair,850k_line,,started,/Users/zwong/repos/personal-projects/benchmarks/python_src/outputs/altair_850k_line.png,
8f3787bd6fe54ed0812a17731ba5a82a,2026-05-08T20:32:50.295083+00:00,altair,850k_line,12.270821,ok,/Users/zwong/repos/personal-projects/benchmarks/python_src/outputs/altair_850k_line.png,
8f3787bd6fe54ed0812a17731ba5a82a,2026-05-08T20:32:50.295083+00:00,altair,1m_histogram,,started,/Users/zwong/repos/personal-projects/benchmarks/python_src/outputs/altair_1m_histogram.png,
8f3787bd6fe54ed0812a17731ba5a82a,2026-05-08T20:32:50.295083+00:00,altair,1m_histogram,2.016244,ok,/Users/zwong/repos/personal-projects/benchmarks/python_src/outputs/altair_1m_histogram.png,
8f3787bd6fe54ed0812a17731ba5a82a,2026-05-08T20:32:50.295083+00:00,altair,10m_histogram,,started,/Users/zwong/repos/personal-projects/benchmarks/python_src/outputs/altair_10m_histogram.png,
8f3787bd6fe54ed0812a17731ba5a82a,2026-05-08T20:32:50.295083+00:00,altair,10m_histogram,25.126993,error,/Users/zwong/repos/personal-projects/benchmarks/python_src/outputs/altair_10m_histogram.png,"<--- Last few GCs --->

[88958:0x1100e0000]    10943 ms: Scavenge (interleaved) 1393.0 (1396.3) -> 1393.0 (1401.3) MB, pooled: 0 MB, 2.75 / 0.00 ms  (average mu = 0.174, current mu = 0.126) allocation failure; 
[88958:0x1100e0000]    11151 ms: Mark-Compact (reduce) 1395.3 (1401.3) -> 1395.3 (1397.3) MB, pooled: 0 MB, 188.42 / 0.00 ms  (+ 0.3 ms in 0 steps since start of marking, biggest step 0.0 ms, walltime since start of marking 193 ms) (average mu = 0.155, cu

<--- JS stacktrace --->



#
# Fatal JavaScript out of memory: Ineffective mark-compacts near heap limit
#
==== C stack trace ===============================

    0   vl_convert.abi3.so                  0x00000003af1ad5a0 v8_inspector__V8Inspector__Channel__BASE__sendResponse + 77012
    1   vl_convert.abi3.so                  0x00000003af1b33f8 v8_inspector__V8Inspector__Channel__BASE__sendResponse + 101164
    2   vl_convert.abi3.so                  0x00000003af1a3b18 v8_inspector__V8Inspector__Channel__BASE__sendResponse + 37452
    3   vl_convert.abi3.so                  0x00000003af207830 v8_inspector__V8Inspector__Channel__BASE__sendResponse + 446308
    4   vl_convert.abi3.so                  0x00000003af3c72d8 v8_inspector__V8Inspector__Channel__BASE__sendResponse + 2279948
    5   vl_convert.abi3.so                  0x00000003af3d9c3c v8_inspector__V8Inspector__Channel__BASE__sendResponse + 2356080
    6   vl_convert.abi3.so                  0x00000003af3d94f8 v8_inspector__V8Inspector__Channel__BASE__sendResponse + 2354220
    7   vl_convert.abi3.so                  0x00000003afc21af0 v8_inspector__V8Inspector__Channel__BASE__sendResponse + 11039268
    8   vl_convert.abi3.so                  0x00000003af3c5454 v8_inspector__V8Inspector__Channel__BASE__sendResponse + 2272136
    9   vl_convert.abi3.so                  0x00000003af34f874 v8_inspector__V8Inspector__Channel__BASE__sendResponse + 1789864
    10  vl_convert.abi3.so                  0x00000003af789138 v8_inspector__V8Inspector__Channel__BASE__sendResponse + 6219884
    11  vl_convert.abi3.so                  0x00000003b051b9f4 v8_inspector__V8Inspector__Channel__BASE__sendResponse + 20451624
    12  ???                                 0x00000004bdbef6c4 0x0 + 20363278020
    13  vl_convert.abi3.so                  0x00000003b0536648 v8_inspector__V8Inspector__Channel__BASE__sendResponse + 20561276
    14  vl_convert.abi3.so                  0x00000003b0484838 v8_inspector__V8Inspector__Channel__BASE__sendResponse + 19832684
    15  vl_convert.abi3.so                  0x00000003b0484838 v8_inspector__V8Inspector__Channel__BASE__sendResponse + 19832684
    16  vl_convert.abi3.so                  0x00000003b0484838 v8_inspector__V8Inspector__Channel__BASE__sendResponse + 19832684
    17  vl_convert.abi3.so                  0x00000003b0484838 v8_inspector__V8Inspector__Channel__BASE__sendResponse + 19832684
    18  vl_convert.abi3.so                  0x00000003b0484838 v8_inspector__V8Inspector__Channel__BASE__sendResponse + 19832684
    19  vl_convert.abi3.so                  0x00000003b0484838 v8_inspector__V8Inspector__Channel__BASE__sendResponse + 19832684
    20  vl_convert.abi3.so                  0x00000003b0484838 v8_inspector__V8Inspector__Channel__BASE__sendResponse + 19832684
    21  vl_convert.abi3.so                  0x00000003b0484838 v8_inspector__V8Inspector__Channel__BASE__sendResponse + 19832684
    22  vl_convert.abi3.so                  0x00000003b0484838 v8_inspector__V8Inspector__Channel__BASE__sendResponse + 19832684
    23  vl_convert.abi3.so                  0x00000003b0484838 v8_inspector__V8Inspector__Channel__BASE__sendResponse + 19832684
    24  vl_convert.abi3.so                  0x00000003b0484838 v8_inspector__V8Inspector__Channel__BASE__sendResponse + 19832684
    25  vl_convert.abi3.so                  0x00000003b048250c v8_inspector__V8Inspector__Channel__BASE__sendResponse + 19823680
    26  vl_convert.abi3.so                  0x00000003b04821b0 v8_inspector__V8Inspector__Channel__BASE__sendResponse + 19822820
    27  vl_convert.abi3.so                  0x00000003af324798 v8_inspector__V8Inspector__Channel__BASE__sendResponse + 1613516
    28  vl_convert.abi3.so                  0x00000003af324da4 v8_inspector__V8Inspector__Channel__BASE__sendResponse + 1615064
    29  vl_convert.abi3.so                  0x00000003af20acac v8_inspector__V8Inspector__Channel__BASE__sendResponse + 459744
    30  vl_convert.abi3.so                  0x00000003af1189a4 wgpu_render_bundle_set_vertex_buffer + 7935172
    31  vl_convert.abi3.so                  0x00000003ae620438 PyInit_vl_convert + 3867704
    32  vl_convert.abi3.so                  0x00000003ae29ace0 PyInit_vl_convert + 175328
    33  vl_convert.abi3.so                  0x00000003ae2b01b8 PyInit_vl_convert + 262584
    34  vl_convert.abi3.so                  0x00000003ae2af14c PyInit_vl_convert + 258380
    35  vl_convert.abi3.so                  0x00000003ae2a1670 PyInit_vl_convert + 202352
    36  vl_convert.abi3.so                  0x00000003ae2af050 PyInit_vl_convert + 258128
    37  vl_convert.abi3.so                  0x00000003ae2b03d0 PyInit_vl_convert + 263120
    38  vl_convert.abi3.so                  0x00000003ae2b0490 PyInit_vl_convert + 263312
    39  vl_convert.abi3.so                  0x00000003ae2af7fc PyInit_vl_convert + 260092
    40  vl_convert.abi3.so                  0x00000003ae2aff2c PyInit_vl_convert + 261932
    41  vl_convert.abi3.so                  0x00000003ae2afa10 PyInit_vl_convert + 260624
    42  vl_convert.abi3.so                  0x00000003ae2a1374 PyInit_vl_convert + 201588
    43  vl_convert.abi3.so                  0x00000003ae2a412c PyInit_vl_convert + 213292
    44  vl_convert.abi3.so                  0x00000003b065a41c v8_inspector__V8Inspector__Channel__BASE__sendResponse + 21756752
    45  libsystem_pthread.dylib             0x000000019c3942e4 _pthread_start + 136
    46  libsystem_pthread.dylib             0x000000019c38f0fc thread_start + 8"
8f3787bd6fe54ed0812a17731ba5a82a,2026-05-08T20:32:50.295083+00:00,altair,500k_scatter,,started,/Users/zwong/repos/personal-projects/benchmarks/python_src/outputs/altair_500k_scatter.png,
8f3787bd6fe54ed0812a17731ba5a82a,2026-05-08T20:32:50.295083+00:00,altair,500k_scatter,10.102715,ok,/Users/zwong/repos/personal-projects/benchmarks/python_src/outputs/altair_500k_scatter.png,
8f3787bd6fe54ed0812a17731ba5a82a,2026-05-08T20:32:50.295083+00:00,altair,5m_scatter,,started,/Users/zwong/repos/personal-projects/benchmarks/python_src/outputs/altair_5m_scatter.png,
8f3787bd6fe54ed0812a17731ba5a82a,2026-05-08T20:32:50.295083+00:00,altair,5m_scatter,18.881797,error,/Users/zwong/repos/personal-projects/benchmarks/python_src/outputs/altair_5m_scatter.png,"<--- Last few GCs --->

[89032:0x130208000]     7368 ms: Scavenge (interleaved) 1353.7 (1402.2) -> 1353.6 (1424.0) MB, pooled: 0 MB, 10.08 / 0.00 ms  (average mu = 0.423, current mu = 0.260) allocation failure; 
[89032:0x130208000]     8013 ms: Mark-Compact 1368.6 (1424.0) -> 1368.5 (1440.0) MB, pooled: 0 MB, 642.92 / 0.00 ms  (average mu = 0.216, current mu = 0.037) allocation failure; scavenge might not succeed


<--- JS stacktrace --->



#
# Fatal JavaScript out of memory: Reached heap limit
#
==== C stack trace ===============================

    0   vl_convert.abi3.so                  0x000000036f9695a0 v8_inspector__V8Inspector__Channel__BASE__sendResponse + 77012
    1   vl_convert.abi3.so                  0x000000036f96f3f8 v8_inspector__V8Inspector__Channel__BASE__sendResponse + 101164
    2   vl_convert.abi3.so                  0x000000036f95fb18 v8_inspector__V8Inspector__Channel__BASE__sendResponse + 37452
    3   vl_convert.abi3.so                  0x000000036f9c3830 v8_inspector__V8Inspector__Channel__BASE__sendResponse + 446308
    4   vl_convert.abi3.so                  0x000000036fb832d8 v8_inspector__V8Inspector__Channel__BASE__sendResponse + 2279948
    5   vl_convert.abi3.so                  0x000000036fb8164c v8_inspector__V8Inspector__Channel__BASE__sendResponse + 2272640
    6   vl_convert.abi3.so                  0x000000036fb78784 v8_inspector__V8Inspector__Channel__BASE__sendResponse + 2236088
    7   vl_convert.abi3.so                  0x000000036fb79170 v8_inspector__V8Inspector__Channel__BASE__sendResponse + 2238628
    8   vl_convert.abi3.so                  0x000000036fb5ec30 v8_inspector__V8Inspector__Channel__BASE__sendResponse + 2130788
    9   vl_convert.abi3.so                  0x000000036ff4553c v8_inspector__V8Inspector__Channel__BASE__sendResponse + 6220912
    10  vl_convert.abi3.so                  0x0000000370cd79f4 v8_inspector__V8Inspector__Channel__BASE__sendResponse + 20451624
    11  ???                                 0x00000003f3cbef1c 0x0 + 16975130396
    12  ???                                 0x00000003f3cbeb50 0x0 + 16975129424
    13  vl_convert.abi3.so                  0x0000000370cf2648 v8_inspector__V8Inspector__Channel__BASE__sendResponse + 20561276
    14  ???                                 0x00000003f3c355a4 0x0 + 16974566820
    15  ???                                 0x00000003f3c38850 0x0 + 16974579792
    16  vl_convert.abi3.so                  0x0000000370c40838 v8_inspector__V8Inspector__Channel__BASE__sendResponse + 19832684
    17  ???                                 0x00000003f3cba710 0x0 + 16975111952
    18  ???                                 0x00000003f3cba9a0 0x0 + 16975112608
    19  ???                                 0x00000003f3c4091c 0x0 + 16974612764
    20  vl_convert.abi3.so                  0x0000000370c40838 v8_inspector__V8Inspector__Channel__BASE__sendResponse + 19832684
    21  vl_convert.abi3.so                  0x0000000370c40838 v8_inspector__V8Inspector__Channel__BASE__sendResponse + 19832684
    22  vl_convert.abi3.so                  0x0000000370c40838 v8_inspector__V8Inspector__Channel__BASE__sendResponse + 19832684
    23  vl_convert.abi3.so                  0x0000000370c40838 v8_inspector__V8Inspector__Channel__BASE__sendResponse + 19832684
    24  vl_convert.abi3.so                  0x0000000370c40838 v8_inspector__V8Inspector__Channel__BASE__sendResponse + 19832684
    25  vl_convert.abi3.so                  0x0000000370c3e50c v8_inspector__V8Inspector__Channel__BASE__sendResponse + 19823680
    26  vl_convert.abi3.so                  0x0000000370c3e1b0 v8_inspector__V8Inspector__Channel__BASE__sendResponse + 19822820
    27  vl_convert.abi3.so                  0x000000036fae0798 v8_inspector__V8Inspector__Channel__BASE__sendResponse + 1613516
    28  vl_convert.abi3.so                  0x000000036fae0da4 v8_inspector__V8Inspector__Channel__BASE__sendResponse + 1615064
    29  vl_convert.abi3.so                  0x000000036f9c6cac v8_inspector__V8Inspector__Channel__BASE__sendResponse + 459744
    30  vl_convert.abi3.so                  0x000000036f8d49a4 wgpu_render_bundle_set_vertex_buffer + 7935172
    31  vl_convert.abi3.so                  0x000000036eddc438 PyInit_vl_convert + 3867704
    32  vl_convert.abi3.so                  0x000000036ea56ce0 PyInit_vl_convert + 175328
    33  vl_convert.abi3.so                  0x000000036ea6c1b8 PyInit_vl_convert + 262584
    34  vl_convert.abi3.so                  0x000000036ea6b14c PyInit_vl_convert + 258380
    35  vl_convert.abi3.so                  0x000000036ea5d670 PyInit_vl_convert + 202352
    36  vl_convert.abi3.so                  0x000000036ea6b050 PyInit_vl_convert + 258128
    37  vl_convert.abi3.so                  0x000000036ea6c3d0 PyInit_vl_convert + 263120
    38  vl_convert.abi3.so                  0x000000036ea6c490 PyInit_vl_convert + 263312
    39  vl_convert.abi3.so                  0x000000036ea6b7fc PyInit_vl_convert + 260092
    40  vl_convert.abi3.so                  0x000000036ea6bf2c PyInit_vl_convert + 261932
    41  vl_convert.abi3.so                  0x000000036ea6ba10 PyInit_vl_convert + 260624
    42  vl_convert.abi3.so                  0x000000036ea5d374 PyInit_vl_convert + 201588
    43  vl_convert.abi3.so                  0x000000036ea6012c PyInit_vl_convert + 213292
    44  vl_convert.abi3.so                  0x0000000370e1641c v8_inspector__V8Inspector__Channel__BASE__sendResponse + 21756752
    45  libsystem_pthread.dylib             0x000000019c3942e4 _pthread_start + 136
    46  libsystem_pthread.dylib             0x000000019c38f0fc thread_start + 8"
8f7cbc07e8ee4939bcbc9e7a6e5b83fc,2026-05-08T20:34:02.345590+00:00,altair,85k_line,,started,/Users/zwong/repos/personal-projects/benchmarks/python_src/outputs/altair_85k_line.png,
8f7cbc07e8ee4939bcbc9e7a6e5b83fc,2026-05-08T20:34:02.345590+00:00,altair,85k_line,1.383102,ok,/Users/zwong/repos/personal-projects/benchmarks/python_src/outputs/altair_85k_line.png,
8f7cbc07e8ee4939bcbc9e7a6e5b83fc,2026-05-08T20:34:02.345590+00:00,altair,170k_line,,started,/Users/zwong/repos/personal-projects/benchmarks/python_src/outputs/altair_170k_line.png,
8f7cbc07e8ee4939bcbc9e7a6e5b83fc,2026-05-08T20:34:02.345590+00:00,altair,170k_line,2.477909,ok,/Users/zwong/repos/personal-projects/benchmarks/python_src/outputs/altair_170k_line.png,
8f7cbc07e8ee4939bcbc9e7a6e5b83fc,2026-05-08T20:34:02.345590+00:00,altair,850k_line,,started,/Users/zwong/repos/personal-projects/benchmarks/python_src/outputs/altair_850k_line.png,
8f7cbc07e8ee4939bcbc9e7a6e5b83fc,2026-05-08T20:34:02.345590+00:00,altair,850k_line,12.600470,ok,/Users/zwong/repos/personal-projects/benchmarks/python_src/outputs/altair_850k_line.png,
8f7cbc07e8ee4939bcbc9e7a6e5b83fc,2026-05-08T20:34:02.345590+00:00,altair,1m_histogram,,started,/Users/zwong/repos/personal-projects/benchmarks/python_src/outputs/altair_1m_histogram.png,
8f7cbc07e8ee4939bcbc9e7a6e5b83fc,2026-05-08T20:34:02.345590+00:00,altair,1m_histogram,2.071953,ok,/Users/zwong/repos/personal-projects/benchmarks/python_src/outputs/altair_1m_histogram.png,
8f7cbc07e8ee4939bcbc9e7a6e5b83fc,2026-05-08T20:34:02.345590+00:00,altair,10m_histogram,,started,/Users/zwong/repos/personal-projects/benchmarks/python_src/outputs/altair_10m_histogram.png,
8f7cbc07e8ee4939bcbc9e7a6e5b83fc,2026-05-08T20:34:02.345590+00:00,altair,10m_histogram,25.560375,error,/Users/zwong/repos/personal-projects/benchmarks/python_src/outputs/altair_10m_histogram.png,"<--- Last few GCs --->

[89138:0x170018000]    11466 ms: Scavenge (interleaved) 1392.0 (1395.3) -> 1392.0 (1400.3) MB, pooled: 0 MB, 2.96 / 0.00 ms  (average mu = 0.158, current mu = 0.118) allocation failure; 
[89138:0x170018000]    11689 ms: Mark-Compact (reduce) 1393.2 (1400.3) -> 1393.2 (1395.3) MB, pooled: 0 MB, 204.33 / 0.00 ms  (+ 0.4 ms in 0 steps since start of marking, biggest step 0.0 ms, walltime since start of marking 207 ms) (average mu = 0.139, cu

<--- JS stacktrace --->



#
# Fatal JavaScript out of memory: Ineffective mark-compacts near heap limit
#
==== C stack trace ===============================

    0   vl_convert.abi3.so                  0x00000003a6fe95a0 v8_inspector__V8Inspector__Channel__BASE__sendResponse + 77012
    1   vl_convert.abi3.so                  0x00000003a6fef3f8 v8_inspector__V8Inspector__Channel__BASE__sendResponse + 101164
    2   vl_convert.abi3.so                  0x00000003a6fdfb18 v8_inspector__V8Inspector__Channel__BASE__sendResponse + 37452
    3   vl_convert.abi3.so                  0x00000003a7043830 v8_inspector__V8Inspector__Channel__BASE__sendResponse + 446308
    4   vl_convert.abi3.so                  0x00000003a72032d8 v8_inspector__V8Inspector__Channel__BASE__sendResponse + 2279948
    5   vl_convert.abi3.so                  0x00000003a7215c3c v8_inspector__V8Inspector__Channel__BASE__sendResponse + 2356080
    6   vl_convert.abi3.so                  0x00000003a72154f8 v8_inspector__V8Inspector__Channel__BASE__sendResponse + 2354220
    7   vl_convert.abi3.so                  0x00000003a7a5daf0 v8_inspector__V8Inspector__Channel__BASE__sendResponse + 11039268
    8   vl_convert.abi3.so                  0x00000003a7201454 v8_inspector__V8Inspector__Channel__BASE__sendResponse + 2272136
    9   vl_convert.abi3.so                  0x00000003a718b874 v8_inspector__V8Inspector__Channel__BASE__sendResponse + 1789864
    10  vl_convert.abi3.so                  0x00000003a75c5138 v8_inspector__V8Inspector__Channel__BASE__sendResponse + 6219884
    11  vl_convert.abi3.so                  0x00000003a83579f4 v8_inspector__V8Inspector__Channel__BASE__sendResponse + 20451624
    12  ???                                 0x00000004b5b2f0c4 0x0 + 20228272324
    13  vl_convert.abi3.so                  0x00000003a8372648 v8_inspector__V8Inspector__Channel__BASE__sendResponse + 20561276
    14  vl_convert.abi3.so                  0x00000003a82c0838 v8_inspector__V8Inspector__Channel__BASE__sendResponse + 19832684
    15  vl_convert.abi3.so                  0x00000003a82c0838 v8_inspector__V8Inspector__Channel__BASE__sendResponse + 19832684
    16  vl_convert.abi3.so                  0x00000003a82c0838 v8_inspector__V8Inspector__Channel__BASE__sendResponse + 19832684
    17  vl_convert.abi3.so                  0x00000003a82c0838 v8_inspector__V8Inspector__Channel__BASE__sendResponse + 19832684
    18  vl_convert.abi3.so                  0x00000003a82c0838 v8_inspector__V8Inspector__Channel__BASE__sendResponse + 19832684
    19  vl_convert.abi3.so                  0x00000003a82c0838 v8_inspector__V8Inspector__Channel__BASE__sendResponse + 19832684
    20  vl_convert.abi3.so                  0x00000003a82c0838 v8_inspector__V8Inspector__Channel__BASE__sendResponse + 19832684
    21  vl_convert.abi3.so                  0x00000003a82c0838 v8_inspector__V8Inspector__Channel__BASE__sendResponse + 19832684
    22  vl_convert.abi3.so                  0x00000003a82c0838 v8_inspector__V8Inspector__Channel__BASE__sendResponse + 19832684
    23  vl_convert.abi3.so                  0x00000003a82c0838 v8_inspector__V8Inspector__Channel__BASE__sendResponse + 19832684
    24  vl_convert.abi3.so                  0x00000003a82c0838 v8_inspector__V8Inspector__Channel__BASE__sendResponse + 19832684
    25  vl_convert.abi3.so                  0x00000003a82be50c v8_inspector__V8Inspector__Channel__BASE__sendResponse + 19823680
    26  vl_convert.abi3.so                  0x00000003a82be1b0 v8_inspector__V8Inspector__Channel__BASE__sendResponse + 19822820
    27  vl_convert.abi3.so                  0x00000003a7160798 v8_inspector__V8Inspector__Channel__BASE__sendResponse + 1613516
    28  vl_convert.abi3.so                  0x00000003a7160da4 v8_inspector__V8Inspector__Channel__BASE__sendResponse + 1615064
    29  vl_convert.abi3.so                  0x00000003a7046cac v8_inspector__V8Inspector__Channel__BASE__sendResponse + 459744
    30  vl_convert.abi3.so                  0x00000003a6f549a4 wgpu_render_bundle_set_vertex_buffer + 7935172
    31  vl_convert.abi3.so                  0x00000003a645c438 PyInit_vl_convert + 3867704
    32  vl_convert.abi3.so                  0x00000003a60d6ce0 PyInit_vl_convert + 175328
    33  vl_convert.abi3.so                  0x00000003a60ec1b8 PyInit_vl_convert + 262584
    34  vl_convert.abi3.so                  0x00000003a60eb14c PyInit_vl_convert + 258380
    35  vl_convert.abi3.so                  0x00000003a60dd670 PyInit_vl_convert + 202352
    36  vl_convert.abi3.so                  0x00000003a60eb050 PyInit_vl_convert + 258128
    37  vl_convert.abi3.so                  0x00000003a60ec3d0 PyInit_vl_convert + 263120
    38  vl_convert.abi3.so                  0x00000003a60ec490 PyInit_vl_convert + 263312
    39  vl_convert.abi3.so                  0x00000003a60eb7fc PyInit_vl_convert + 260092
    40  vl_convert.abi3.so                  0x00000003a60ebf2c PyInit_vl_convert + 261932
    41  vl_convert.abi3.so                  0x00000003a60eba10 PyInit_vl_convert + 260624
    42  vl_convert.abi3.so                  0x00000003a60dd374 PyInit_vl_convert + 201588
    43  vl_convert.abi3.so                  0x00000003a60e012c PyInit_vl_convert + 213292
    44  vl_convert.abi3.so                  0x00000003a849641c v8_inspector__V8Inspector__Channel__BASE__sendResponse + 21756752
    45  libsystem_pthread.dylib             0x000000019c3942e4 _pthread_start + 136
    46  libsystem_pthread.dylib             0x000000019c38f0fc thread_start + 8"
8f7cbc07e8ee4939bcbc9e7a6e5b83fc,2026-05-08T20:34:02.345590+00:00,altair,500k_scatter,,started,/Users/zwong/repos/personal-projects/benchmarks/python_src/outputs/altair_500k_scatter.png,
8f7cbc07e8ee4939bcbc9e7a6e5b83fc,2026-05-08T20:34:02.345590+00:00,altair,500k_scatter,9.872715,ok,/Users/zwong/repos/personal-projects/benchmarks/python_src/outputs/altair_500k_scatter.png,
8f7cbc07e8ee4939bcbc9e7a6e5b83fc,2026-05-08T20:34:02.345590+00:00,altair,5m_scatter,,started,/Users/zwong/repos/personal-projects/benchmarks/python_src/outputs/altair_5m_scatter.png,
8f7cbc07e8ee4939bcbc9e7a6e5b83fc,2026-05-08T20:34:02.345590+00:00,altair,5m_scatter,18.750178,error,/Users/zwong/repos/personal-projects/benchmarks/python_src/outputs/altair_5m_scatter.png,"<--- Last few GCs --->

[89151:0x108058000]     7517 ms: Scavenge (interleaved) 1356.6 (1404.7) -> 1356.6 (1427.0) MB, pooled: 0 MB, 9.96 / 0.00 ms  (average mu = 0.512, current mu = 0.359) allocation failure; 
[89151:0x108058000]     7943 ms: Mark-Compact (reduce) 1371.5 (1427.0) -> 1371.2 (1411.7) MB, pooled: 0 MB, 202.04 / 0.00 ms  (+ 200.9 ms in 0 steps since start of marking, biggest step 0.0 ms, walltime since start of marking 415 ms) (average mu = 0.353, 

<--- JS stacktrace --->



#
# Fatal JavaScript out of memory: Reached heap limit
#
==== C stack trace ===============================

    0   vl_convert.abi3.so                  0x000000036a2855a0 v8_inspector__V8Inspector__Channel__BASE__sendResponse + 77012
    1   vl_convert.abi3.so                  0x000000036a28b3f8 v8_inspector__V8Inspector__Channel__BASE__sendResponse + 101164
    2   vl_convert.abi3.so                  0x000000036a27bb18 v8_inspector__V8Inspector__Channel__BASE__sendResponse + 37452
    3   vl_convert.abi3.so                  0x000000036a2df830 v8_inspector__V8Inspector__Channel__BASE__sendResponse + 446308
    4   vl_convert.abi3.so                  0x000000036a49f2d8 v8_inspector__V8Inspector__Channel__BASE__sendResponse + 2279948
    5   vl_convert.abi3.so                  0x000000036a49d64c v8_inspector__V8Inspector__Channel__BASE__sendResponse + 2272640
    6   vl_convert.abi3.so                  0x000000036a494784 v8_inspector__V8Inspector__Channel__BASE__sendResponse + 2236088
    7   vl_convert.abi3.so                  0x000000036a495170 v8_inspector__V8Inspector__Channel__BASE__sendResponse + 2238628
    8   vl_convert.abi3.so                  0x000000036a47ac30 v8_inspector__V8Inspector__Channel__BASE__sendResponse + 2130788
    9   vl_convert.abi3.so                  0x000000036a86153c v8_inspector__V8Inspector__Channel__BASE__sendResponse + 6220912
    10  vl_convert.abi3.so                  0x000000036b5f39f4 v8_inspector__V8Inspector__Channel__BASE__sendResponse + 20451624
    11  ???                                 0x00000003ee4be2bc 0x0 + 16882852540
    12  ???                                 0x00000003ee4bdef0 0x0 + 16882851568
    13  vl_convert.abi3.so                  0x000000036b60e648 v8_inspector__V8Inspector__Channel__BASE__sendResponse + 20561276
    14  ???                                 0x00000003ee432e84 0x0 + 16882282116
    15  ???                                 0x00000003ee500230 0x0 + 16883122736
    16  vl_convert.abi3.so                  0x000000036b55c838 v8_inspector__V8Inspector__Channel__BASE__sendResponse + 19832684
    17  ???                                 0x00000003ee4b81d0 0x0 + 16882827728
    18  ???                                 0x00000003ee4b8460 0x0 + 16882828384
    19  ???                                 0x00000003ee50125c 0x0 + 16883126876
    20  vl_convert.abi3.so                  0x000000036b55c838 v8_inspector__V8Inspector__Channel__BASE__sendResponse + 19832684
    21  vl_convert.abi3.so                  0x000000036b55c838 v8_inspector__V8Inspector__Channel__BASE__sendResponse + 19832684
    22  vl_convert.abi3.so                  0x000000036b55c838 v8_inspector__V8Inspector__Channel__BASE__sendResponse + 19832684
    23  vl_convert.abi3.so                  0x000000036b55c838 v8_inspector__V8Inspector__Channel__BASE__sendResponse + 19832684
    24  vl_convert.abi3.so                  0x000000036b55c838 v8_inspector__V8Inspector__Channel__BASE__sendResponse + 19832684
    25  vl_convert.abi3.so                  0x000000036b55a50c v8_inspector__V8Inspector__Channel__BASE__sendResponse + 19823680
    26  vl_convert.abi3.so                  0x000000036b55a1b0 v8_inspector__V8Inspector__Channel__BASE__sendResponse + 19822820
    27  vl_convert.abi3.so                  0x000000036a3fc798 v8_inspector__V8Inspector__Channel__BASE__sendResponse + 1613516
    28  vl_convert.abi3.so                  0x000000036a3fcda4 v8_inspector__V8Inspector__Channel__BASE__sendResponse + 1615064
    29  vl_convert.abi3.so                  0x000000036a2e2cac v8_inspector__V8Inspector__Channel__BASE__sendResponse + 459744
    30  vl_convert.abi3.so                  0x000000036a1f09a4 wgpu_render_bundle_set_vertex_buffer + 7935172
    31  vl_convert.abi3.so                  0x00000003696f8438 PyInit_vl_convert + 3867704
    32  vl_convert.abi3.so                  0x0000000369372ce0 PyInit_vl_convert + 175328
    33  vl_convert.abi3.so                  0x00000003693881b8 PyInit_vl_convert + 262584
    34  vl_convert.abi3.so                  0x000000036938714c PyInit_vl_convert + 258380
    35  vl_convert.abi3.so                  0x0000000369379670 PyInit_vl_convert + 202352
    36  vl_convert.abi3.so                  0x0000000369387050 PyInit_vl_convert + 258128
    37  vl_convert.abi3.so                  0x00000003693883d0 PyInit_vl_convert + 263120
    38  vl_convert.abi3.so                  0x0000000369388490 PyInit_vl_convert + 263312
    39  vl_convert.abi3.so                  0x00000003693877fc PyInit_vl_convert + 260092
    40  vl_convert.abi3.so                  0x0000000369387f2c PyInit_vl_convert + 261932
    41  vl_convert.abi3.so                  0x0000000369387a10 PyInit_vl_convert + 260624
    42  vl_convert.abi3.so                  0x0000000369379374 PyInit_vl_convert + 201588
    43  vl_convert.abi3.so                  0x000000036937c12c PyInit_vl_convert + 213292
    44  vl_convert.abi3.so                  0x000000036b73241c v8_inspector__V8Inspector__Channel__BASE__sendResponse + 21756752
    45  libsystem_pthread.dylib             0x000000019c3942e4 _pthread_start + 136
    46  libsystem_pthread.dylib             0x000000019c38f0fc thread_start + 8"
ac3094683dda44d88187760549c5804d,2026-05-08T20:37:22.564088+00:00,plotly,85k_line,,started,/Users/zwong/repos/personal-projects/benchmarks/python_src/outputs/plotly_85k_line.png,
ac3094683dda44d88187760549c5804d,2026-05-08T20:37:22.564088+00:00,plotly,85k_line,2.413687,ok,/Users/zwong/repos/personal-projects/benchmarks/python_src/outputs/plotly_85k_line.png,
ac3094683dda44d88187760549c5804d,2026-05-08T20:37:22.564088+00:00,plotly,170k_line,,started,/Users/zwong/repos/personal-projects/benchmarks/python_src/outputs/plotly_170k_line.png,
ac3094683dda44d88187760549c5804d,2026-05-08T20:37:22.564088+00:00,plotly,170k_line,2.552334,ok,/Users/zwong/repos/personal-projects/benchmarks/python_src/outputs/plotly_170k_line.png,
ac3094683dda44d88187760549c5804d,2026-05-08T20:37:22.564088+00:00,plotly,850k_line,,started,/Users/zwong/repos/personal-projects/benchmarks/python_src/outputs/plotly_850k_line.png,
ac3094683dda44d88187760549c5804d,2026-05-08T20:37:22.564088+00:00,plotly,850k_line,3.619442,ok,/Users/zwong/repos/personal-projects/benchmarks/python_src/outputs/plotly_850k_line.png,
ac3094683dda44d88187760549c5804d,2026-05-08T20:37:22.564088+00:00,plotly,1m_histogram,,started,/Users/zwong/repos/personal-projects/benchmarks/python_src/outputs/plotly_1m_histogram.png,
ac3094683dda44d88187760549c5804d,2026-05-08T20:37:22.564088+00:00,plotly,1m_histogram,3.021107,ok,/Users/zwong/repos/personal-projects/benchmarks/python_src/outputs/plotly_1m_histogram.png,
ac3094683dda44d88187760549c5804d,2026-05-08T20:37:22.564088+00:00,plotly,10m_histogram,,started,/Users/zwong/repos/personal-projects/benchmarks/python_src/outputs/plotly_10m_histogram.png,
ac3094683dda44d88187760549c5804d,2026-05-08T20:37:22.564088+00:00,plotly,10m_histogram,9.958115,ok,/Users/zwong/repos/personal-projects/benchmarks/python_src/outputs/plotly_10m_histogram.png,
ac3094683dda44d88187760549c5804d,2026-05-08T20:37:22.564088+00:00,plotly,500k_scatter,,started,/Users/zwong/repos/personal-projects/benchmarks/python_src/outputs/plotly_500k_scatter.png,
ac3094683dda44d88187760549c5804d,2026-05-08T20:37:22.564088+00:00,plotly,500k_scatter,3.816377,ok,/Users/zwong/repos/personal-projects/benchmarks/python_src/outputs/plotly_500k_scatter.png,
ac3094683dda44d88187760549c5804d,2026-05-08T20:37:22.564088+00:00,plotly,5m_scatter,,started,/Users/zwong/repos/personal-projects/benchmarks/python_src/outputs/plotly_5m_scatter.png,
ac3094683dda44d88187760549c5804d,2026-05-08T20:37:22.564088+00:00,plotly,5m_scatter,30.033495,timeout,/Users/zwong/repos/personal-projects/benchmarks/python_src/outputs/plotly_5m_scatter.png,timed out after 30s
1f6c41b933ed426fb510afd1e45e4947,2026-05-08T20:38:17.984430+00:00,plotly,85k_line,,started,/Users/zwong/repos/personal-projects/benchmarks/python_src/outputs/plotly_85k_line.png,
1f6c41b933ed426fb510afd1e45e4947,2026-05-08T20:38:17.984430+00:00,plotly,85k_line,2.492769,ok,/Users/zwong/repos/personal-projects/benchmarks/python_src/outputs/plotly_85k_line.png,
1f6c41b933ed426fb510afd1e45e4947,2026-05-08T20:38:17.984430+00:00,plotly,170k_line,,started,/Users/zwong/repos/personal-projects/benchmarks/python_src/outputs/plotly_170k_line.png,
1f6c41b933ed426fb510afd1e45e4947,2026-05-08T20:38:17.984430+00:00,plotly,170k_line,2.620166,ok,/Users/zwong/repos/personal-projects/benchmarks/python_src/outputs/plotly_170k_line.png,
1f6c41b933ed426fb510afd1e45e4947,2026-05-08T20:38:17.984430+00:00,plotly,850k_line,,started,/Users/zwong/repos/personal-projects/benchmarks/python_src/outputs/plotly_850k_line.png,
1f6c41b933ed426fb510afd1e45e4947,2026-05-08T20:38:17.984430+00:00,plotly,850k_line,3.677384,ok,/Users/zwong/repos/personal-projects/benchmarks/python_src/outputs/plotly_850k_line.png,
1f6c41b933ed426fb510afd1e45e4947,2026-05-08T20:38:17.984430+00:00,plotly,1m_histogram,,started,/Users/zwong/repos/personal-projects/benchmarks/python_src/outputs/plotly_1m_histogram.png,
1f6c41b933ed426fb510afd1e45e4947,2026-05-08T20:38:17.984430+00:00,plotly,1m_histogram,3.049770,ok,/Users/zwong/repos/personal-projects/benchmarks/python_src/outputs/plotly_1m_histogram.png,
1f6c41b933ed426fb510afd1e45e4947,2026-05-08T20:38:17.984430+00:00,plotly,10m_histogram,,started,/Users/zwong/repos/personal-projects/benchmarks/python_src/outputs/plotly_10m_histogram.png,
1f6c41b933ed426fb510afd1e45e4947,2026-05-08T20:38:17.984430+00:00,plotly,10m_histogram,10.034256,ok,/Users/zwong/repos/personal-projects/benchmarks/python_src/outputs/plotly_10m_histogram.png,
1f6c41b933ed426fb510afd1e45e4947,2026-05-08T20:38:17.984430+00:00,plotly,500k_scatter,,started,/Users/zwong/repos/personal-projects/benchmarks/python_src/outputs/plotly_500k_scatter.png,
1f6c41b933ed426fb510afd1e45e4947,2026-05-08T20:38:17.984430+00:00,plotly,500k_scatter,3.872650,ok,/Users/zwong/repos/personal-projects/benchmarks/python_src/outputs/plotly_500k_scatter.png,
1f6c41b933ed426fb510afd1e45e4947,2026-05-08T20:38:17.984430+00:00,plotly,5m_scatter,,started,/Users/zwong/repos/personal-projects/benchmarks/python_src/outputs/plotly_5m_scatter.png,
1f6c41b933ed426fb510afd1e45e4947,2026-05-08T20:38:17.984430+00:00,plotly,5m_scatter,30.059248,timeout,/Users/zwong/repos/personal-projects/benchmarks/python_src/outputs/plotly_5m_scatter.png,timed out after 30s
b2b5f3ccc19242439f9a99da0fd8a869,2026-05-08T20:39:13.796408+00:00,plotly,85k_line,,started,/Users/zwong/repos/personal-projects/benchmarks/python_src/outputs/plotly_85k_line.png,
b2b5f3ccc19242439f9a99da0fd8a869,2026-05-08T20:39:13.796408+00:00,plotly,85k_line,2.473850,ok,/Users/zwong/repos/personal-projects/benchmarks/python_src/outputs/plotly_85k_line.png,
b2b5f3ccc19242439f9a99da0fd8a869,2026-05-08T20:39:13.796408+00:00,plotly,170k_line,,started,/Users/zwong/repos/personal-projects/benchmarks/python_src/outputs/plotly_170k_line.png,
b2b5f3ccc19242439f9a99da0fd8a869,2026-05-08T20:39:13.796408+00:00,plotly,170k_line,2.501038,ok,/Users/zwong/repos/personal-projects/benchmarks/python_src/outputs/plotly_170k_line.png,
b2b5f3ccc19242439f9a99da0fd8a869,2026-05-08T20:39:13.796408+00:00,plotly,850k_line,,started,/Users/zwong/repos/personal-projects/benchmarks/python_src/outputs/plotly_850k_line.png,
b2b5f3ccc19242439f9a99da0fd8a869,2026-05-08T20:39:13.796408+00:00,plotly,850k_line,3.592977,ok,/Users/zwong/repos/personal-projects/benchmarks/python_src/outputs/plotly_850k_line.png,
b2b5f3ccc19242439f9a99da0fd8a869,2026-05-08T20:39:13.796408+00:00,plotly,1m_histogram,,started,/Users/zwong/repos/personal-projects/benchmarks/python_src/outputs/plotly_1m_histogram.png,
b2b5f3ccc19242439f9a99da0fd8a869,2026-05-08T20:39:13.796408+00:00,plotly,1m_histogram,3.000779,ok,/Users/zwong/repos/personal-projects/benchmarks/python_src/outputs/plotly_1m_histogram.png,
b2b5f3ccc19242439f9a99da0fd8a869,2026-05-08T20:39:13.796408+00:00,plotly,10m_histogram,,started,/Users/zwong/repos/personal-projects/benchmarks/python_src/outputs/plotly_10m_histogram.png,
b2b5f3ccc19242439f9a99da0fd8a869,2026-05-08T20:39:13.796408+00:00,plotly,10m_histogram,10.012513,ok,/Users/zwong/repos/personal-projects/benchmarks/python_src/outputs/plotly_10m_histogram.png,
b2b5f3ccc19242439f9a99da0fd8a869,2026-05-08T20:39:13.796408+00:00,plotly,500k_scatter,,started,/Users/zwong/repos/personal-projects/benchmarks/python_src/outputs/plotly_500k_scatter.png,
b2b5f3ccc19242439f9a99da0fd8a869,2026-05-08T20:39:13.796408+00:00,plotly,500k_scatter,3.815103,ok,/Users/zwong/repos/personal-projects/benchmarks/python_src/outputs/plotly_500k_scatter.png,
b2b5f3ccc19242439f9a99da0fd8a869,2026-05-08T20:39:13.796408+00:00,plotly,5m_scatter,,started,/Users/zwong/repos/personal-projects/benchmarks/python_src/outputs/plotly_5m_scatter.png,
b2b5f3ccc19242439f9a99da0fd8a869,2026-05-08T20:39:13.796408+00:00,plotly,5m_scatter,30.062195,timeout,/Users/zwong/repos/personal-projects/benchmarks/python_src/outputs/plotly_5m_scatter.png,timed out after 30s
b88c9af8e74b4bd9ade507912c3edb7e,2026-05-08T20:40:09.260309+00:00,plotly,85k_line,,started,/Users/zwong/repos/personal-projects/benchmarks/python_src/outputs/plotly_85k_line.png,
b88c9af8e74b4bd9ade507912c3edb7e,2026-05-08T20:40:09.260309+00:00,plotly,85k_line,2.445629,ok,/Users/zwong/repos/personal-projects/benchmarks/python_src/outputs/plotly_85k_line.png,
b88c9af8e74b4bd9ade507912c3edb7e,2026-05-08T20:40:09.260309+00:00,plotly,170k_line,,started,/Users/zwong/repos/personal-projects/benchmarks/python_src/outputs/plotly_170k_line.png,
b88c9af8e74b4bd9ade507912c3edb7e,2026-05-08T20:40:09.260309+00:00,plotly,170k_line,2.535081,ok,/Users/zwong/repos/personal-projects/benchmarks/python_src/outputs/plotly_170k_line.png,
b88c9af8e74b4bd9ade507912c3edb7e,2026-05-08T20:40:09.260309+00:00,plotly,850k_line,,started,/Users/zwong/repos/personal-projects/benchmarks/python_src/outputs/plotly_850k_line.png,
b88c9af8e74b4bd9ade507912c3edb7e,2026-05-08T20:40:09.260309+00:00,plotly,850k_line,3.665129,ok,/Users/zwong/repos/personal-projects/benchmarks/python_src/outputs/plotly_850k_line.png,
b88c9af8e74b4bd9ade507912c3edb7e,2026-05-08T20:40:09.260309+00:00,plotly,1m_histogram,,started,/Users/zwong/repos/personal-projects/benchmarks/python_src/outputs/plotly_1m_histogram.png,
b88c9af8e74b4bd9ade507912c3edb7e,2026-05-08T20:40:09.260309+00:00,plotly,1m_histogram,3.027569,ok,/Users/zwong/repos/personal-projects/benchmarks/python_src/outputs/plotly_1m_histogram.png,
b88c9af8e74b4bd9ade507912c3edb7e,2026-05-08T20:40:09.260309+00:00,plotly,10m_histogram,,started,/Users/zwong/repos/personal-projects/benchmarks/python_src/outputs/plotly_10m_histogram.png,
b88c9af8e74b4bd9ade507912c3edb7e,2026-05-08T20:40:09.260309+00:00,plotly,10m_histogram,9.980632,ok,/Users/zwong/repos/personal-projects/benchmarks/python_src/outputs/plotly_10m_histogram.png,
b88c9af8e74b4bd9ade507912c3edb7e,2026-05-08T20:40:09.260309+00:00,plotly,500k_scatter,,started,/Users/zwong/repos/personal-projects/benchmarks/python_src/outputs/plotly_500k_scatter.png,
b88c9af8e74b4bd9ade507912c3edb7e,2026-05-08T20:40:09.260309+00:00,plotly,500k_scatter,3.824345,ok,/Users/zwong/repos/personal-projects/benchmarks/python_src/outputs/plotly_500k_scatter.png,
b88c9af8e74b4bd9ade507912c3edb7e,2026-05-08T20:40:09.260309+00:00,plotly,5m_scatter,,started,/Users/zwong/repos/personal-projects/benchmarks/python_src/outputs/plotly_5m_scatter.png,
b88c9af8e74b4bd9ade507912c3edb7e,2026-05-08T20:40:09.260309+00:00,plotly,5m_scatter,30.063631,timeout,/Users/zwong/repos/personal-projects/benchmarks/python_src/outputs/plotly_5m_scatter.png,timed out after 30s
450ca9ff87fa486496abd4f352915e18,2026-05-09T15:36:02.220178+00:00,altair,1k_line,,started,/Users/zwong/repos/personal-projects/benchmarks/python_src/outputs/altair_1k_line.png,
450ca9ff87fa486496abd4f352915e18,2026-05-09T15:36:02.220178+00:00,altair,1k_line,0.559997,ok,/Users/zwong/repos/personal-projects/benchmarks/python_src/outputs/altair_1k_line.png,
450ca9ff87fa486496abd4f352915e18,2026-05-09T15:36:02.220178+00:00,altair,5k_line,,started,/Users/zwong/repos/personal-projects/benchmarks/python_src/outputs/altair_5k_line.png,
450ca9ff87fa486496abd4f352915e18,2026-05-09T15:36:02.220178+00:00,altair,5k_line,0.523777,ok,/Users/zwong/repos/personal-projects/benchmarks/python_src/outputs/altair_5k_line.png,
450ca9ff87fa486496abd4f352915e18,2026-05-09T15:36:02.220178+00:00,altair,85k_line,,started,/Users/zwong/repos/personal-projects/benchmarks/python_src/outputs/altair_85k_line.png,
450ca9ff87fa486496abd4f352915e18,2026-05-09T15:36:02.220178+00:00,altair,85k_line,1.326342,ok,/Users/zwong/repos/personal-projects/benchmarks/python_src/outputs/altair_85k_line.png,
450ca9ff87fa486496abd4f352915e18,2026-05-09T15:36:02.220178+00:00,altair,170k_line,,started,/Users/zwong/repos/personal-projects/benchmarks/python_src/outputs/altair_170k_line.png,
450ca9ff87fa486496abd4f352915e18,2026-05-09T15:36:02.220178+00:00,altair,170k_line,2.187269,ok,/Users/zwong/repos/personal-projects/benchmarks/python_src/outputs/altair_170k_line.png,
450ca9ff87fa486496abd4f352915e18,2026-05-09T15:36:02.220178+00:00,altair,850k_line,,started,/Users/zwong/repos/personal-projects/benchmarks/python_src/outputs/altair_850k_line.png,
450ca9ff87fa486496abd4f352915e18,2026-05-09T15:36:02.220178+00:00,altair,850k_line,11.236705,ok,/Users/zwong/repos/personal-projects/benchmarks/python_src/outputs/altair_850k_line.png,
450ca9ff87fa486496abd4f352915e18,2026-05-09T15:36:02.220178+00:00,altair,2k_histogram,,started,/Users/zwong/repos/personal-projects/benchmarks/python_src/outputs/altair_2k_histogram.png,
450ca9ff87fa486496abd4f352915e18,2026-05-09T15:36:02.220178+00:00,altair,2k_histogram,0.462106,ok,/Users/zwong/repos/personal-projects/benchmarks/python_src/outputs/altair_2k_histogram.png,
450ca9ff87fa486496abd4f352915e18,2026-05-09T15:36:02.220178+00:00,altair,10k_histogram,,started,/Users/zwong/repos/personal-projects/benchmarks/python_src/outputs/altair_10k_histogram.png,
450ca9ff87fa486496abd4f352915e18,2026-05-09T15:36:02.220178+00:00,altair,10k_histogram,0.474878,ok,/Users/zwong/repos/personal-projects/benchmarks/python_src/outputs/altair_10k_histogram.png,
450ca9ff87fa486496abd4f352915e18,2026-05-09T15:36:02.220178+00:00,altair,1m_histogram,,started,/Users/zwong/repos/personal-projects/benchmarks/python_src/outputs/altair_1m_histogram.png,
450ca9ff87fa486496abd4f352915e18,2026-05-09T15:36:02.220178+00:00,altair,1m_histogram,1.888005,ok,/Users/zwong/repos/personal-projects/benchmarks/python_src/outputs/altair_1m_histogram.png,
450ca9ff87fa486496abd4f352915e18,2026-05-09T15:36:02.220178+00:00,altair,10m_histogram,,started,/Users/zwong/repos/personal-projects/benchmarks/python_src/outputs/altair_10m_histogram.png,
450ca9ff87fa486496abd4f352915e18,2026-05-09T15:36:02.220178+00:00,altair,10m_histogram,25.025431,error,/Users/zwong/repos/personal-projects/benchmarks/python_src/outputs/altair_10m_histogram.png,"<--- Last few GCs --->

[99976:0x1480e0000]    11024 ms: Scavenge (interleaved) 1394.8 (1398.0) -> 1394.8 (1402.8) MB, pooled: 0 MB, 2.96 / 0.00 ms  (average mu = 0.180, current mu = 0.124) allocation failure; 
[99976:0x1480e0000]    11284 ms: Mark-Compact (reduce) 1396.8 (1402.8) -> 1396.8 (1398.8) MB, pooled: 0 MB, 240.58 / 0.00 ms  (+ 0.5 ms in 0 steps since start of marking, biggest step 0.0 ms, walltime since start of marking 244 ms) (average mu = 0.139, cu

<--- JS stacktrace --->



#
# Fatal JavaScript out of memory: Ineffective mark-compacts near heap limit
#
==== C stack trace ===============================

    0   vl_convert.abi3.so                  0x00000003b0f415a0 v8_inspector__V8Inspector__Channel__BASE__sendResponse + 77012
    1   vl_convert.abi3.so                  0x00000003b0f473f8 v8_inspector__V8Inspector__Channel__BASE__sendResponse + 101164
    2   vl_convert.abi3.so                  0x00000003b0f37b18 v8_inspector__V8Inspector__Channel__BASE__sendResponse + 37452
    3   vl_convert.abi3.so                  0x00000003b0f9b830 v8_inspector__V8Inspector__Channel__BASE__sendResponse + 446308
    4   vl_convert.abi3.so                  0x00000003b115b2d8 v8_inspector__V8Inspector__Channel__BASE__sendResponse + 2279948
    5   vl_convert.abi3.so                  0x00000003b116dc3c v8_inspector__V8Inspector__Channel__BASE__sendResponse + 2356080
    6   vl_convert.abi3.so                  0x00000003b116d4f8 v8_inspector__V8Inspector__Channel__BASE__sendResponse + 2354220
    7   vl_convert.abi3.so                  0x00000003b19b5af0 v8_inspector__V8Inspector__Channel__BASE__sendResponse + 11039268
    8   vl_convert.abi3.so                  0x00000003b1159454 v8_inspector__V8Inspector__Channel__BASE__sendResponse + 2272136
    9   vl_convert.abi3.so                  0x00000003b10e3874 v8_inspector__V8Inspector__Channel__BASE__sendResponse + 1789864
    10  vl_convert.abi3.so                  0x00000003b151d138 v8_inspector__V8Inspector__Channel__BASE__sendResponse + 6219884
    11  vl_convert.abi3.so                  0x00000003b22af9f4 v8_inspector__V8Inspector__Channel__BASE__sendResponse + 20451624
    12  ???                                 0x00000004bd180dc4 0x0 + 20352339396
    13  vl_convert.abi3.so                  0x00000003b22ca648 v8_inspector__V8Inspector__Channel__BASE__sendResponse + 20561276
    14  vl_convert.abi3.so                  0x00000003b2218838 v8_inspector__V8Inspector__Channel__BASE__sendResponse + 19832684
    15  vl_convert.abi3.so                  0x00000003b2218838 v8_inspector__V8Inspector__Channel__BASE__sendResponse + 19832684
    16  vl_convert.abi3.so                  0x00000003b2218838 v8_inspector__V8Inspector__Channel__BASE__sendResponse + 19832684
    17  vl_convert.abi3.so                  0x00000003b2218838 v8_inspector__V8Inspector__Channel__BASE__sendResponse + 19832684
    18  vl_convert.abi3.so                  0x00000003b2218838 v8_inspector__V8Inspector__Channel__BASE__sendResponse + 19832684
    19  vl_convert.abi3.so                  0x00000003b2218838 v8_inspector__V8Inspector__Channel__BASE__sendResponse + 19832684
    20  vl_convert.abi3.so                  0x00000003b2218838 v8_inspector__V8Inspector__Channel__BASE__sendResponse + 19832684
    21  vl_convert.abi3.so                  0x00000003b2218838 v8_inspector__V8Inspector__Channel__BASE__sendResponse + 19832684
    22  vl_convert.abi3.so                  0x00000003b2218838 v8_inspector__V8Inspector__Channel__BASE__sendResponse + 19832684
    23  vl_convert.abi3.so                  0x00000003b2218838 v8_inspector__V8Inspector__Channel__BASE__sendResponse + 19832684
    24  vl_convert.abi3.so                  0x00000003b2218838 v8_inspector__V8Inspector__Channel__BASE__sendResponse + 19832684
    25  vl_convert.abi3.so                  0x00000003b221650c v8_inspector__V8Inspector__Channel__BASE__sendResponse + 19823680
    26  vl_convert.abi3.so                  0x00000003b22161b0 v8_inspector__V8Inspector__Channel__BASE__sendResponse + 19822820
    27  vl_convert.abi3.so                  0x00000003b10b8798 v8_inspector__V8Inspector__Channel__BASE__sendResponse + 1613516
    28  vl_convert.abi3.so                  0x00000003b10b8da4 v8_inspector__V8Inspector__Channel__BASE__sendResponse + 1615064
    29  vl_convert.abi3.so                  0x00000003b0f9ecac v8_inspector__V8Inspector__Channel__BASE__sendResponse + 459744
    30  vl_convert.abi3.so                  0x00000003b0eac9a4 wgpu_render_bundle_set_vertex_buffer + 7935172
    31  vl_convert.abi3.so                  0x00000003b03b4438 PyInit_vl_convert + 3867704
    32  vl_convert.abi3.so                  0x00000003b002ece0 PyInit_vl_convert + 175328
    33  vl_convert.abi3.so                  0x00000003b00441b8 PyInit_vl_convert + 262584
    34  vl_convert.abi3.so                  0x00000003b004314c PyInit_vl_convert + 258380
    35  vl_convert.abi3.so                  0x00000003b0035670 PyInit_vl_convert + 202352
    36  vl_convert.abi3.so                  0x00000003b0043050 PyInit_vl_convert + 258128
    37  vl_convert.abi3.so                  0x00000003b00443d0 PyInit_vl_convert + 263120
    38  vl_convert.abi3.so                  0x00000003b0044490 PyInit_vl_convert + 263312
    39  vl_convert.abi3.so                  0x00000003b00437fc PyInit_vl_convert + 260092
    40  vl_convert.abi3.so                  0x00000003b0043f2c PyInit_vl_convert + 261932
    41  vl_convert.abi3.so                  0x00000003b0043a10 PyInit_vl_convert + 260624
    42  vl_convert.abi3.so                  0x00000003b0035374 PyInit_vl_convert + 201588
    43  vl_convert.abi3.so                  0x00000003b003812c PyInit_vl_convert + 213292
    44  vl_convert.abi3.so                  0x00000003b23ee41c v8_inspector__V8Inspector__Channel__BASE__sendResponse + 21756752
    45  libsystem_pthread.dylib             0x000000019c3942e4 _pthread_start + 136
    46  libsystem_pthread.dylib             0x000000019c38f0fc thread_start + 8"
450ca9ff87fa486496abd4f352915e18,2026-05-09T15:36:02.220178+00:00,altair,1k_scatter,,started,/Users/zwong/repos/personal-projects/benchmarks/python_src/outputs/altair_1k_scatter.png,
450ca9ff87fa486496abd4f352915e18,2026-05-09T15:36:02.220178+00:00,altair,1k_scatter,0.674094,ok,/Users/zwong/repos/personal-projects/benchmarks/python_src/outputs/altair_1k_scatter.png,
450ca9ff87fa486496abd4f352915e18,2026-05-09T15:36:02.220178+00:00,altair,5k_scatter,,started,/Users/zwong/repos/personal-projects/benchmarks/python_src/outputs/altair_5k_scatter.png,
450ca9ff87fa486496abd4f352915e18,2026-05-09T15:36:02.220178+00:00,altair,5k_scatter,0.570528,ok,/Users/zwong/repos/personal-projects/benchmarks/python_src/outputs/altair_5k_scatter.png,
450ca9ff87fa486496abd4f352915e18,2026-05-09T15:36:02.220178+00:00,altair,500k_scatter,,started,/Users/zwong/repos/personal-projects/benchmarks/python_src/outputs/altair_500k_scatter.png,
450ca9ff87fa486496abd4f352915e18,2026-05-09T15:36:02.220178+00:00,altair,500k_scatter,9.661145,ok,/Users/zwong/repos/personal-projects/benchmarks/python_src/outputs/altair_500k_scatter.png,
450ca9ff87fa486496abd4f352915e18,2026-05-09T15:36:02.220178+00:00,altair,5m_scatter,,started,/Users/zwong/repos/personal-projects/benchmarks/python_src/outputs/altair_5m_scatter.png,
450ca9ff87fa486496abd4f352915e18,2026-05-09T15:36:02.220178+00:00,altair,5m_scatter,19.244773,error,/Users/zwong/repos/personal-projects/benchmarks/python_src/outputs/altair_5m_scatter.png,"<--- Last few GCs --->

[99983:0x128300000]     8118 ms: Scavenge (interleaved) 1357.0 (1404.7) -> 1356.9 (1427.2) MB, pooled: 0 MB, 9.25 / 0.00 ms  (average mu = 0.467, current mu = 0.355) allocation failure; 
[99983:0x128300000]     8571 ms: Mark-Compact (reduce) 1371.9 (1427.2) -> 1371.9 (1412.0) MB, pooled: 0 MB, 213.75 / 0.00 ms  (+ 216.7 ms in 0 steps since start of marking, biggest step 0.0 ms, walltime since start of marking 442 ms) (average mu = 0.308, 

<--- JS stacktrace --->



#
# Fatal JavaScript out of memory: Reached heap limit
#
==== C stack trace ===============================

    0   vl_convert.abi3.so                  0x00000003651855a0 v8_inspector__V8Inspector__Channel__BASE__sendResponse + 77012
    1   vl_convert.abi3.so                  0x000000036518b3f8 v8_inspector__V8Inspector__Channel__BASE__sendResponse + 101164
    2   vl_convert.abi3.so                  0x000000036517bb18 v8_inspector__V8Inspector__Channel__BASE__sendResponse + 37452
    3   vl_convert.abi3.so                  0x00000003651df830 v8_inspector__V8Inspector__Channel__BASE__sendResponse + 446308
    4   vl_convert.abi3.so                  0x000000036539f2d8 v8_inspector__V8Inspector__Channel__BASE__sendResponse + 2279948
    5   vl_convert.abi3.so                  0x000000036539d64c v8_inspector__V8Inspector__Channel__BASE__sendResponse + 2272640
    6   vl_convert.abi3.so                  0x0000000365394784 v8_inspector__V8Inspector__Channel__BASE__sendResponse + 2236088
    7   vl_convert.abi3.so                  0x0000000365395170 v8_inspector__V8Inspector__Channel__BASE__sendResponse + 2238628
    8   vl_convert.abi3.so                  0x000000036537ac30 v8_inspector__V8Inspector__Channel__BASE__sendResponse + 2130788
    9   vl_convert.abi3.so                  0x000000036576153c v8_inspector__V8Inspector__Channel__BASE__sendResponse + 6220912
    10  vl_convert.abi3.so                  0x00000003664f39f4 v8_inspector__V8Inspector__Channel__BASE__sendResponse + 20451624
    11  ???                                 0x00000003e69821dc 0x0 + 16753631708
    12  ???                                 0x00000003e6981e10 0x0 + 16753630736
    13  vl_convert.abi3.so                  0x000000036650e648 v8_inspector__V8Inspector__Channel__BASE__sendResponse + 20561276
    14  ???                                 0x00000003e6a40284 0x0 + 16754410116
    15  ???                                 0x00000003e6a6b170 0x0 + 16754585968
    16  vl_convert.abi3.so                  0x000000036645c838 v8_inspector__V8Inspector__Channel__BASE__sendResponse + 19832684
    17  ???                                 0x00000003e6a77110 0x0 + 16754635024
    18  ???                                 0x00000003e6a773a0 0x0 + 16754635680
    19  ???                                 0x00000003e6a7bb9c 0x0 + 16754654108
    20  vl_convert.abi3.so                  0x000000036645c838 v8_inspector__V8Inspector__Channel__BASE__sendResponse + 19832684
    21  vl_convert.abi3.so                  0x000000036645c838 v8_inspector__V8Inspector__Channel__BASE__sendResponse + 19832684
    22  vl_convert.abi3.so                  0x000000036645c838 v8_inspector__V8Inspector__Channel__BASE__sendResponse + 19832684
    23  vl_convert.abi3.so                  0x000000036645c838 v8_inspector__V8Inspector__Channel__BASE__sendResponse + 19832684
    24  vl_convert.abi3.so                  0x000000036645c838 v8_inspector__V8Inspector__Channel__BASE__sendResponse + 19832684
    25  vl_convert.abi3.so                  0x000000036645a50c v8_inspector__V8Inspector__Channel__BASE__sendResponse + 19823680
    26  vl_convert.abi3.so                  0x000000036645a1b0 v8_inspector__V8Inspector__Channel__BASE__sendResponse + 19822820
    27  vl_convert.abi3.so                  0x00000003652fc798 v8_inspector__V8Inspector__Channel__BASE__sendResponse + 1613516
    28  vl_convert.abi3.so                  0x00000003652fcda4 v8_inspector__V8Inspector__Channel__BASE__sendResponse + 1615064
    29  vl_convert.abi3.so                  0x00000003651e2cac v8_inspector__V8Inspector__Channel__BASE__sendResponse + 459744
    30  vl_convert.abi3.so                  0x00000003650f09a4 wgpu_render_bundle_set_vertex_buffer + 7935172
    31  vl_convert.abi3.so                  0x00000003645f8438 PyInit_vl_convert + 3867704
    32  vl_convert.abi3.so                  0x0000000364272ce0 PyInit_vl_convert + 175328
    33  vl_convert.abi3.so                  0x00000003642881b8 PyInit_vl_convert + 262584
    34  vl_convert.abi3.so                  0x000000036428714c PyInit_vl_convert + 258380
    35  vl_convert.abi3.so                  0x0000000364279670 PyInit_vl_convert + 202352
    36  vl_convert.abi3.so                  0x0000000364287050 PyInit_vl_convert + 258128
    37  vl_convert.abi3.so                  0x00000003642883d0 PyInit_vl_convert + 263120
    38  vl_convert.abi3.so                  0x0000000364288490 PyInit_vl_convert + 263312
    39  vl_convert.abi3.so                  0x00000003642877fc PyInit_vl_convert + 260092
    40  vl_convert.abi3.so                  0x0000000364287f2c PyInit_vl_convert + 261932
    41  vl_convert.abi3.so                  0x0000000364287a10 PyInit_vl_convert + 260624
    42  vl_convert.abi3.so                  0x0000000364279374 PyInit_vl_convert + 201588
    43  vl_convert.abi3.so                  0x000000036427c12c PyInit_vl_convert + 213292
    44  vl_convert.abi3.so                  0x000000036663241c v8_inspector__V8Inspector__Channel__BASE__sendResponse + 21756752
    45  libsystem_pthread.dylib             0x000000019c3942e4 _pthread_start + 136
    46  libsystem_pthread.dylib             0x000000019c38f0fc thread_start + 8"
450ca9ff87fa486496abd4f352915e18,2026-05-09T15:36:02.220178+00:00,matplotlib,1k_line,,started,/Users/zwong/repos/personal-projects/benchmarks/python_src/outputs/matplotlib_1k_line.png,
450ca9ff87fa486496abd4f352915e18,2026-05-09T15:36:02.220178+00:00,matplotlib,1k_line,0.661481,ok,/Users/zwong/repos/personal-projects/benchmarks/python_src/outputs/matplotlib_1k_line.png,
450ca9ff87fa486496abd4f352915e18,2026-05-09T15:36:02.220178+00:00,matplotlib,5k_line,,started,/Users/zwong/repos/personal-projects/benchmarks/python_src/outputs/matplotlib_5k_line.png,
450ca9ff87fa486496abd4f352915e18,2026-05-09T15:36:02.220178+00:00,matplotlib,5k_line,0.465064,ok,/Users/zwong/repos/personal-projects/benchmarks/python_src/outputs/matplotlib_5k_line.png,
450ca9ff87fa486496abd4f352915e18,2026-05-09T15:36:02.220178+00:00,matplotlib,85k_line,,started,/Users/zwong/repos/personal-projects/benchmarks/python_src/outputs/matplotlib_85k_line.png,
450ca9ff87fa486496abd4f352915e18,2026-05-09T15:36:02.220178+00:00,matplotlib,85k_line,0.767861,ok,/Users/zwong/repos/personal-projects/benchmarks/python_src/outputs/matplotlib_85k_line.png,
450ca9ff87fa486496abd4f352915e18,2026-05-09T15:36:02.220178+00:00,matplotlib,170k_line,,started,/Users/zwong/repos/personal-projects/benchmarks/python_src/outputs/matplotlib_170k_line.png,
450ca9ff87fa486496abd4f352915e18,2026-05-09T15:36:02.220178+00:00,matplotlib,170k_line,0.835464,ok,/Users/zwong/repos/personal-projects/benchmarks/python_src/outputs/matplotlib_170k_line.png,
450ca9ff87fa486496abd4f352915e18,2026-05-09T15:36:02.220178+00:00,matplotlib,850k_line,,started,/Users/zwong/repos/personal-projects/benchmarks/python_src/outputs/matplotlib_850k_line.png,
450ca9ff87fa486496abd4f352915e18,2026-05-09T15:36:02.220178+00:00,matplotlib,850k_line,1.050258,ok,/Users/zwong/repos/personal-projects/benchmarks/python_src/outputs/matplotlib_850k_line.png,
450ca9ff87fa486496abd4f352915e18,2026-05-09T15:36:02.220178+00:00,matplotlib,2k_histogram,,started,/Users/zwong/repos/personal-projects/benchmarks/python_src/outputs/matplotlib_2k_histogram.png,
450ca9ff87fa486496abd4f352915e18,2026-05-09T15:36:02.220178+00:00,matplotlib,2k_histogram,0.402640,ok,/Users/zwong/repos/personal-projects/benchmarks/python_src/outputs/matplotlib_2k_histogram.png,
450ca9ff87fa486496abd4f352915e18,2026-05-09T15:36:02.220178+00:00,matplotlib,10k_histogram,,started,/Users/zwong/repos/personal-projects/benchmarks/python_src/outputs/matplotlib_10k_histogram.png,
450ca9ff87fa486496abd4f352915e18,2026-05-09T15:36:02.220178+00:00,matplotlib,10k_histogram,0.402728,ok,/Users/zwong/repos/personal-projects/benchmarks/python_src/outputs/matplotlib_10k_histogram.png,
450ca9ff87fa486496abd4f352915e18,2026-05-09T15:36:02.220178+00:00,matplotlib,1m_histogram,,started,/Users/zwong/repos/personal-projects/benchmarks/python_src/outputs/matplotlib_1m_histogram.png,
450ca9ff87fa486496abd4f352915e18,2026-05-09T15:36:02.220178+00:00,matplotlib,1m_histogram,0.885221,ok,/Users/zwong/repos/personal-projects/benchmarks/python_src/outputs/matplotlib_1m_histogram.png,
450ca9ff87fa486496abd4f352915e18,2026-05-09T15:36:02.220178+00:00,matplotlib,10m_histogram,,started,/Users/zwong/repos/personal-projects/benchmarks/python_src/outputs/matplotlib_10m_histogram.png,
450ca9ff87fa486496abd4f352915e18,2026-05-09T15:36:02.220178+00:00,matplotlib,10m_histogram,5.357603,ok,/Users/zwong/repos/personal-projects/benchmarks/python_src/outputs/matplotlib_10m_histogram.png,
450ca9ff87fa486496abd4f352915e18,2026-05-09T15:36:02.220178+00:00,matplotlib,1k_scatter,,started,/Users/zwong/repos/personal-projects/benchmarks/python_src/outputs/matplotlib_1k_scatter.png,
450ca9ff87fa486496abd4f352915e18,2026-05-09T15:36:02.220178+00:00,matplotlib,1k_scatter,0.406599,ok,/Users/zwong/repos/personal-projects/benchmarks/python_src/outputs/matplotlib_1k_scatter.png,
450ca9ff87fa486496abd4f352915e18,2026-05-09T15:36:02.220178+00:00,matplotlib,5k_scatter,,started,/Users/zwong/repos/personal-projects/benchmarks/python_src/outputs/matplotlib_5k_scatter.png,
450ca9ff87fa486496abd4f352915e18,2026-05-09T15:36:02.220178+00:00,matplotlib,5k_scatter,0.412365,ok,/Users/zwong/repos/personal-projects/benchmarks/python_src/outputs/matplotlib_5k_scatter.png,
450ca9ff87fa486496abd4f352915e18,2026-05-09T15:36:02.220178+00:00,matplotlib,500k_scatter,,started,/Users/zwong/repos/personal-projects/benchmarks/python_src/outputs/matplotlib_500k_scatter.png,
450ca9ff87fa486496abd4f352915e18,2026-05-09T15:36:02.220178+00:00,matplotlib,500k_scatter,2.077888,ok,/Users/zwong/repos/personal-projects/benchmarks/python_src/outputs/matplotlib_500k_scatter.png,
450ca9ff87fa486496abd4f352915e18,2026-05-09T15:36:02.220178+00:00,matplotlib,5m_scatter,,started,/Users/zwong/repos/personal-projects/benchmarks/python_src/outputs/matplotlib_5m_scatter.png,
450ca9ff87fa486496abd4f352915e18,2026-05-09T15:36:02.220178+00:00,matplotlib,5m_scatter,16.636258,ok,/Users/zwong/repos/personal-projects/benchmarks/python_src/outputs/matplotlib_5m_scatter.png,
450ca9ff87fa486496abd4f352915e18,2026-05-09T15:36:02.220178+00:00,plotly,1k_line,,started,/Users/zwong/repos/personal-projects/benchmarks/python_src/outputs/plotly_1k_line.png,
450ca9ff87fa486496abd4f352915e18,2026-05-09T15:36:02.220178+00:00,plotly,1k_line,2.547067,ok,/Users/zwong/repos/personal-projects/benchmarks/python_src/outputs/plotly_1k_line.png,
450ca9ff87fa486496abd4f352915e18,2026-05-09T15:36:02.220178+00:00,plotly,5k_line,,started,/Users/zwong/repos/personal-projects/benchmarks/python_src/outputs/plotly_5k_line.png,
450ca9ff87fa486496abd4f352915e18,2026-05-09T15:36:02.220178+00:00,plotly,5k_line,2.312666,ok,/Users/zwong/repos/personal-projects/benchmarks/python_src/outputs/plotly_5k_line.png,
450ca9ff87fa486496abd4f352915e18,2026-05-09T15:36:02.220178+00:00,plotly,85k_line,,started,/Users/zwong/repos/personal-projects/benchmarks/python_src/outputs/plotly_85k_line.png,
450ca9ff87fa486496abd4f352915e18,2026-05-09T15:36:02.220178+00:00,plotly,85k_line,2.401630,ok,/Users/zwong/repos/personal-projects/benchmarks/python_src/outputs/plotly_85k_line.png,
450ca9ff87fa486496abd4f352915e18,2026-05-09T15:36:02.220178+00:00,plotly,170k_line,,started,/Users/zwong/repos/personal-projects/benchmarks/python_src/outputs/plotly_170k_line.png,
450ca9ff87fa486496abd4f352915e18,2026-05-09T15:36:02.220178+00:00,plotly,170k_line,2.528579,ok,/Users/zwong/repos/personal-projects/benchmarks/python_src/outputs/plotly_170k_line.png,
450ca9ff87fa486496abd4f352915e18,2026-05-09T15:36:02.220178+00:00,plotly,850k_line,,started,/Users/zwong/repos/personal-projects/benchmarks/python_src/outputs/plotly_850k_line.png,
450ca9ff87fa486496abd4f352915e18,2026-05-09T15:36:02.220178+00:00,plotly,850k_line,3.593783,ok,/Users/zwong/repos/personal-projects/benchmarks/python_src/outputs/plotly_850k_line.png,
450ca9ff87fa486496abd4f352915e18,2026-05-09T15:36:02.220178+00:00,plotly,2k_histogram,,started,/Users/zwong/repos/personal-projects/benchmarks/python_src/outputs/plotly_2k_histogram.png,
450ca9ff87fa486496abd4f352915e18,2026-05-09T15:36:02.220178+00:00,plotly,2k_histogram,2.265301,ok,/Users/zwong/repos/personal-projects/benchmarks/python_src/outputs/plotly_2k_histogram.png,
450ca9ff87fa486496abd4f352915e18,2026-05-09T15:36:02.220178+00:00,plotly,10k_histogram,,started,/Users/zwong/repos/personal-projects/benchmarks/python_src/outputs/plotly_10k_histogram.png,
450ca9ff87fa486496abd4f352915e18,2026-05-09T15:36:02.220178+00:00,plotly,10k_histogram,2.267105,ok,/Users/zwong/repos/personal-projects/benchmarks/python_src/outputs/plotly_10k_histogram.png,
450ca9ff87fa486496abd4f352915e18,2026-05-09T15:36:02.220178+00:00,plotly,1m_histogram,,started,/Users/zwong/repos/personal-projects/benchmarks/python_src/outputs/plotly_1m_histogram.png,
450ca9ff87fa486496abd4f352915e18,2026-05-09T15:36:02.220178+00:00,plotly,1m_histogram,3.005599,ok,/Users/zwong/repos/personal-projects/benchmarks/python_src/outputs/plotly_1m_histogram.png,
450ca9ff87fa486496abd4f352915e18,2026-05-09T15:36:02.220178+00:00,plotly,10m_histogram,,started,/Users/zwong/repos/personal-projects/benchmarks/python_src/outputs/plotly_10m_histogram.png,
450ca9ff87fa486496abd4f352915e18,2026-05-09T15:36:02.220178+00:00,plotly,10m_histogram,10.000173,ok,/Users/zwong/repos/personal-projects/benchmarks/python_src/outputs/plotly_10m_histogram.png,
450ca9ff87fa486496abd4f352915e18,2026-05-09T15:36:02.220178+00:00,plotly,1k_scatter,,started,/Users/zwong/repos/personal-projects/benchmarks/python_src/outputs/plotly_1k_scatter.png,
450ca9ff87fa486496abd4f352915e18,2026-05-09T15:36:02.220178+00:00,plotly,1k_scatter,2.520747,ok,/Users/zwong/repos/personal-projects/benchmarks/python_src/outputs/plotly_1k_scatter.png,
450ca9ff87fa486496abd4f352915e18,2026-05-09T15:36:02.220178+00:00,plotly,5k_scatter,,started,/Users/zwong/repos/personal-projects/benchmarks/python_src/outputs/plotly_5k_scatter.png,
450ca9ff87fa486496abd4f352915e18,2026-05-09T15:36:02.220178+00:00,plotly,5k_scatter,2.582444,ok,/Users/zwong/repos/personal-projects/benchmarks/python_src/outputs/plotly_5k_scatter.png,
450ca9ff87fa486496abd4f352915e18,2026-05-09T15:36:02.220178+00:00,plotly,500k_scatter,,started,/Users/zwong/repos/personal-projects/benchmarks/python_src/outputs/plotly_500k_scatter.png,
450ca9ff87fa486496abd4f352915e18,2026-05-09T15:36:02.220178+00:00,plotly,500k_scatter,3.867059,ok,/Users/zwong/repos/personal-projects/benchmarks/python_src/outputs/plotly_500k_scatter.png,
450ca9ff87fa486496abd4f352915e18,2026-05-09T15:36:02.220178+00:00,plotly,5m_scatter,,started,/Users/zwong/repos/personal-projects/benchmarks/python_src/outputs/plotly_5m_scatter.png,
450ca9ff87fa486496abd4f352915e18,2026-05-09T15:36:02.220178+00:00,plotly,5m_scatter,30.059693,timeout,/Users/zwong/repos/personal-projects/benchmarks/python_src/outputs/plotly_5m_scatter.png,timed out after 30s
a83c61412c144bd5adbdf0e7525bce07,2026-05-09T15:38:56.360724+00:00,altair,1k_line,,started,/Users/zwong/repos/personal-projects/benchmarks/python_src/outputs/altair_1k_line.png,
a83c61412c144bd5adbdf0e7525bce07,2026-05-09T15:38:56.360724+00:00,altair,1k_line,0.539604,ok,/Users/zwong/repos/personal-projects/benchmarks/python_src/outputs/altair_1k_line.png,
a83c61412c144bd5adbdf0e7525bce07,2026-05-09T15:38:56.360724+00:00,altair,5k_line,,started,/Users/zwong/repos/personal-projects/benchmarks/python_src/outputs/altair_5k_line.png,
a83c61412c144bd5adbdf0e7525bce07,2026-05-09T15:38:56.360724+00:00,altair,5k_line,0.540795,ok,/Users/zwong/repos/personal-projects/benchmarks/python_src/outputs/altair_5k_line.png,
a83c61412c144bd5adbdf0e7525bce07,2026-05-09T15:38:56.360724+00:00,altair,85k_line,,started,/Users/zwong/repos/personal-projects/benchmarks/python_src/outputs/altair_85k_line.png,
a83c61412c144bd5adbdf0e7525bce07,2026-05-09T15:38:56.360724+00:00,altair,85k_line,1.279342,ok,/Users/zwong/repos/personal-projects/benchmarks/python_src/outputs/altair_85k_line.png,
a83c61412c144bd5adbdf0e7525bce07,2026-05-09T15:38:56.360724+00:00,altair,170k_line,,started,/Users/zwong/repos/personal-projects/benchmarks/python_src/outputs/altair_170k_line.png,
a83c61412c144bd5adbdf0e7525bce07,2026-05-09T15:38:56.360724+00:00,altair,170k_line,2.144973,ok,/Users/zwong/repos/personal-projects/benchmarks/python_src/outputs/altair_170k_line.png,
a83c61412c144bd5adbdf0e7525bce07,2026-05-09T15:38:56.360724+00:00,altair,850k_line,,started,/Users/zwong/repos/personal-projects/benchmarks/python_src/outputs/altair_850k_line.png,
a83c61412c144bd5adbdf0e7525bce07,2026-05-09T15:38:56.360724+00:00,altair,850k_line,13.023454,ok,/Users/zwong/repos/personal-projects/benchmarks/python_src/outputs/altair_850k_line.png,
a83c61412c144bd5adbdf0e7525bce07,2026-05-09T15:38:56.360724+00:00,altair,2k_histogram,,started,/Users/zwong/repos/personal-projects/benchmarks/python_src/outputs/altair_2k_histogram.png,
a83c61412c144bd5adbdf0e7525bce07,2026-05-09T15:38:56.360724+00:00,altair,2k_histogram,0.464475,ok,/Users/zwong/repos/personal-projects/benchmarks/python_src/outputs/altair_2k_histogram.png,
a83c61412c144bd5adbdf0e7525bce07,2026-05-09T15:38:56.360724+00:00,altair,10k_histogram,,started,/Users/zwong/repos/personal-projects/benchmarks/python_src/outputs/altair_10k_histogram.png,
a83c61412c144bd5adbdf0e7525bce07,2026-05-09T15:38:56.360724+00:00,altair,10k_histogram,0.476217,ok,/Users/zwong/repos/personal-projects/benchmarks/python_src/outputs/altair_10k_histogram.png,
a83c61412c144bd5adbdf0e7525bce07,2026-05-09T15:38:56.360724+00:00,altair,1m_histogram,,started,/Users/zwong/repos/personal-projects/benchmarks/python_src/outputs/altair_1m_histogram.png,
a83c61412c144bd5adbdf0e7525bce07,2026-05-09T15:38:56.360724+00:00,altair,1m_histogram,1.964807,ok,/Users/zwong/repos/personal-projects/benchmarks/python_src/outputs/altair_1m_histogram.png,
a83c61412c144bd5adbdf0e7525bce07,2026-05-09T15:38:56.360724+00:00,altair,10m_histogram,,started,/Users/zwong/repos/personal-projects/benchmarks/python_src/outputs/altair_10m_histogram.png,
a83c61412c144bd5adbdf0e7525bce07,2026-05-09T15:38:56.360724+00:00,altair,10m_histogram,25.270923,error,/Users/zwong/repos/personal-projects/benchmarks/python_src/outputs/altair_10m_histogram.png,"<--- Last few GCs --->

[335:0x140160000]    11193 ms: Scavenge (interleaved) 1392.4 (1395.8) -> 1392.4 (1400.5) MB, pooled: 0 MB, 2.29 / 0.00 ms  (average mu = 0.165, current mu = 0.107) allocation failure; 
[335:0x140160000]    11473 ms: Mark-Compact (reduce) 1393.7 (1400.5) -> 1393.7 (1396.0) MB, pooled: 0 MB, 261.67 / 0.00 ms  (+ 0.4 ms in 0 steps since start of marking, biggest step 0.0 ms, walltime since start of marking 265 ms) (average mu = 0.129, curr

<--- JS stacktrace --->



#
# Fatal JavaScript out of memory: Ineffective mark-compacts near heap limit
#
==== C stack trace ===============================

    0   vl_convert.abi3.so                  0x00000003aa2b15a0 v8_inspector__V8Inspector__Channel__BASE__sendResponse + 77012
    1   vl_convert.abi3.so                  0x00000003aa2b73f8 v8_inspector__V8Inspector__Channel__BASE__sendResponse + 101164
    2   vl_convert.abi3.so                  0x00000003aa2a7b18 v8_inspector__V8Inspector__Channel__BASE__sendResponse + 37452
    3   vl_convert.abi3.so                  0x00000003aa30b830 v8_inspector__V8Inspector__Channel__BASE__sendResponse + 446308
    4   vl_convert.abi3.so                  0x00000003aa4cb2d8 v8_inspector__V8Inspector__Channel__BASE__sendResponse + 2279948
    5   vl_convert.abi3.so                  0x00000003aa4ddc3c v8_inspector__V8Inspector__Channel__BASE__sendResponse + 2356080
    6   vl_convert.abi3.so                  0x00000003aa4dd4f8 v8_inspector__V8Inspector__Channel__BASE__sendResponse + 2354220
    7   vl_convert.abi3.so                  0x00000003aad25af0 v8_inspector__V8Inspector__Channel__BASE__sendResponse + 11039268
    8   vl_convert.abi3.so                  0x00000003aa4c9454 v8_inspector__V8Inspector__Channel__BASE__sendResponse + 2272136
    9   vl_convert.abi3.so                  0x00000003aa453874 v8_inspector__V8Inspector__Channel__BASE__sendResponse + 1789864
    10  vl_convert.abi3.so                  0x00000003aa88d138 v8_inspector__V8Inspector__Channel__BASE__sendResponse + 6219884
    11  vl_convert.abi3.so                  0x00000003ab61f9f4 v8_inspector__V8Inspector__Channel__BASE__sendResponse + 20451624
    12  ???                                 0x00000004b8eeee24 0x0 + 20282535460
    13  vl_convert.abi3.so                  0x00000003ab63a648 v8_inspector__V8Inspector__Channel__BASE__sendResponse + 20561276
    14  vl_convert.abi3.so                  0x00000003ab588838 v8_inspector__V8Inspector__Channel__BASE__sendResponse + 19832684
    15  vl_convert.abi3.so                  0x00000003ab588838 v8_inspector__V8Inspector__Channel__BASE__sendResponse + 19832684
    16  vl_convert.abi3.so                  0x00000003ab588838 v8_inspector__V8Inspector__Channel__BASE__sendResponse + 19832684
    17  vl_convert.abi3.so                  0x00000003ab588838 v8_inspector__V8Inspector__Channel__BASE__sendResponse + 19832684
    18  vl_convert.abi3.so                  0x00000003ab588838 v8_inspector__V8Inspector__Channel__BASE__sendResponse + 19832684
    19  vl_convert.abi3.so                  0x00000003ab588838 v8_inspector__V8Inspector__Channel__BASE__sendResponse + 19832684
    20  vl_convert.abi3.so                  0x00000003ab588838 v8_inspector__V8Inspector__Channel__BASE__sendResponse + 19832684
    21  vl_convert.abi3.so                  0x00000003ab588838 v8_inspector__V8Inspector__Channel__BASE__sendResponse + 19832684
    22  vl_convert.abi3.so                  0x00000003ab588838 v8_inspector__V8Inspector__Channel__BASE__sendResponse + 19832684
    23  vl_convert.abi3.so                  0x00000003ab588838 v8_inspector__V8Inspector__Channel__BASE__sendResponse + 19832684
    24  vl_convert.abi3.so                  0x00000003ab588838 v8_inspector__V8Inspector__Channel__BASE__sendResponse + 19832684
    25  vl_convert.abi3.so                  0x00000003ab58650c v8_inspector__V8Inspector__Channel__BASE__sendResponse + 19823680
    26  vl_convert.abi3.so                  0x00000003ab5861b0 v8_inspector__V8Inspector__Channel__BASE__sendResponse + 19822820
    27  vl_convert.abi3.so                  0x00000003aa428798 v8_inspector__V8Inspector__Channel__BASE__sendResponse + 1613516
    28  vl_convert.abi3.so                  0x00000003aa428da4 v8_inspector__V8Inspector__Channel__BASE__sendResponse + 1615064
    29  vl_convert.abi3.so                  0x00000003aa30ecac v8_inspector__V8Inspector__Channel__BASE__sendResponse + 459744
    30  vl_convert.abi3.so                  0x00000003aa21c9a4 wgpu_render_bundle_set_vertex_buffer + 7935172
    31  vl_convert.abi3.so                  0x00000003a9724438 PyInit_vl_convert + 3867704
    32  vl_convert.abi3.so                  0x00000003a939ece0 PyInit_vl_convert + 175328
    33  vl_convert.abi3.so                  0x00000003a93b41b8 PyInit_vl_convert + 262584
    34  vl_convert.abi3.so                  0x00000003a93b314c PyInit_vl_convert + 258380
    35  vl_convert.abi3.so                  0x00000003a93a5670 PyInit_vl_convert + 202352
    36  vl_convert.abi3.so                  0x00000003a93b3050 PyInit_vl_convert + 258128
    37  vl_convert.abi3.so                  0x00000003a93b43d0 PyInit_vl_convert + 263120
    38  vl_convert.abi3.so                  0x00000003a93b4490 PyInit_vl_convert + 263312
    39  vl_convert.abi3.so                  0x00000003a93b37fc PyInit_vl_convert + 260092
    40  vl_convert.abi3.so                  0x00000003a93b3f2c PyInit_vl_convert + 261932
    41  vl_convert.abi3.so                  0x00000003a93b3a10 PyInit_vl_convert + 260624
    42  vl_convert.abi3.so                  0x00000003a93a5374 PyInit_vl_convert + 201588
    43  vl_convert.abi3.so                  0x00000003a93a812c PyInit_vl_convert + 213292
    44  vl_convert.abi3.so                  0x00000003ab75e41c v8_inspector__V8Inspector__Channel__BASE__sendResponse + 21756752
    45  libsystem_pthread.dylib             0x000000019c3942e4 _pthread_start + 136
    46  libsystem_pthread.dylib             0x000000019c38f0fc thread_start + 8"
a83c61412c144bd5adbdf0e7525bce07,2026-05-09T15:38:56.360724+00:00,altair,1k_scatter,,started,/Users/zwong/repos/personal-projects/benchmarks/python_src/outputs/altair_1k_scatter.png,
a83c61412c144bd5adbdf0e7525bce07,2026-05-09T15:38:56.360724+00:00,altair,1k_scatter,0.716206,ok,/Users/zwong/repos/personal-projects/benchmarks/python_src/outputs/altair_1k_scatter.png,
a83c61412c144bd5adbdf0e7525bce07,2026-05-09T15:38:56.360724+00:00,altair,5k_scatter,,started,/Users/zwong/repos/personal-projects/benchmarks/python_src/outputs/altair_5k_scatter.png,
a83c61412c144bd5adbdf0e7525bce07,2026-05-09T15:38:56.360724+00:00,altair,5k_scatter,0.613876,ok,/Users/zwong/repos/personal-projects/benchmarks/python_src/outputs/altair_5k_scatter.png,
a83c61412c144bd5adbdf0e7525bce07,2026-05-09T15:38:56.360724+00:00,altair,500k_scatter,,started,/Users/zwong/repos/personal-projects/benchmarks/python_src/outputs/altair_500k_scatter.png,
a83c61412c144bd5adbdf0e7525bce07,2026-05-09T15:38:56.360724+00:00,altair,500k_scatter,10.046181,ok,/Users/zwong/repos/personal-projects/benchmarks/python_src/outputs/altair_500k_scatter.png,
a83c61412c144bd5adbdf0e7525bce07,2026-05-09T15:38:56.360724+00:00,altair,5m_scatter,,started,/Users/zwong/repos/personal-projects/benchmarks/python_src/outputs/altair_5m_scatter.png,
a83c61412c144bd5adbdf0e7525bce07,2026-05-09T15:38:56.360724+00:00,altair,5m_scatter,19.246857,error,/Users/zwong/repos/personal-projects/benchmarks/python_src/outputs/altair_5m_scatter.png,"<--- Last few GCs --->

[411:0x1400d8000]     8297 ms: Scavenge (interleaved) 1359.7 (1407.2) -> 1359.7 (1430.0) MB, pooled: 0 MB, 10.38 / 0.00 ms  (average mu = 0.452, current mu = 0.298) allocation failure; 
[411:0x1400d8000]     8718 ms: Mark-Compact (reduce) 1374.6 (1430.0) -> 1374.5 (1414.7) MB, pooled: 0 MB, 288.50 / 0.00 ms  (+ 112.5 ms in 0 steps since start of marking, biggest step 0.0 ms, walltime since start of marking 413 ms) (average mu = 0.303, cu

<--- JS stacktrace --->



#
# Fatal JavaScript out of memory: Reached heap limit
#
==== C stack trace ===============================

    0   vl_convert.abi3.so                  0x0000000370f415a0 v8_inspector__V8Inspector__Channel__BASE__sendResponse + 77012
    1   vl_convert.abi3.so                  0x0000000370f473f8 v8_inspector__V8Inspector__Channel__BASE__sendResponse + 101164
    2   vl_convert.abi3.so                  0x0000000370f37b18 v8_inspector__V8Inspector__Channel__BASE__sendResponse + 37452
    3   vl_convert.abi3.so                  0x0000000370f9b830 v8_inspector__V8Inspector__Channel__BASE__sendResponse + 446308
    4   vl_convert.abi3.so                  0x000000037115b2d8 v8_inspector__V8Inspector__Channel__BASE__sendResponse + 2279948
    5   vl_convert.abi3.so                  0x000000037115964c v8_inspector__V8Inspector__Channel__BASE__sendResponse + 2272640
    6   vl_convert.abi3.so                  0x0000000371150784 v8_inspector__V8Inspector__Channel__BASE__sendResponse + 2236088
    7   vl_convert.abi3.so                  0x0000000371151170 v8_inspector__V8Inspector__Channel__BASE__sendResponse + 2238628
    8   vl_convert.abi3.so                  0x0000000371136c30 v8_inspector__V8Inspector__Channel__BASE__sendResponse + 2130788
    9   vl_convert.abi3.so                  0x000000037151d53c v8_inspector__V8Inspector__Channel__BASE__sendResponse + 6220912
    10  vl_convert.abi3.so                  0x00000003722af9f4 v8_inspector__V8Inspector__Channel__BASE__sendResponse + 20451624
    11  ???                                 0x00000003f53befdc 0x0 + 16999247836
    12  ???                                 0x00000003f53bec10 0x0 + 16999246864
    13  vl_convert.abi3.so                  0x00000003722ca648 v8_inspector__V8Inspector__Channel__BASE__sendResponse + 20561276
    14  ???                                 0x00000003f5340c84 0x0 + 16998730884
    15  ???                                 0x00000003f5340ed0 0x0 + 16998731472
    16  vl_convert.abi3.so                  0x0000000372218838 v8_inspector__V8Inspector__Channel__BASE__sendResponse + 19832684
    17  ???                                 0x00000003f53b96d0 0x0 + 16999225040
    18  ???                                 0x00000003f53b9960 0x0 + 16999225696
    19  ???                                 0x00000003f5341efc 0x0 + 16998735612
    20  vl_convert.abi3.so                  0x0000000372218838 v8_inspector__V8Inspector__Channel__BASE__sendResponse + 19832684
    21  vl_convert.abi3.so                  0x0000000372218838 v8_inspector__V8Inspector__Channel__BASE__sendResponse + 19832684
    22  vl_convert.abi3.so                  0x0000000372218838 v8_inspector__V8Inspector__Channel__BASE__sendResponse + 19832684
    23  vl_convert.abi3.so                  0x0000000372218838 v8_inspector__V8Inspector__Channel__BASE__sendResponse + 19832684
    24  vl_convert.abi3.so                  0x0000000372218838 v8_inspector__V8Inspector__Channel__BASE__sendResponse + 19832684
    25  vl_convert.abi3.so                  0x000000037221650c v8_inspector__V8Inspector__Channel__BASE__sendResponse + 19823680
    26  vl_convert.abi3.so                  0x00000003722161b0 v8_inspector__V8Inspector__Channel__BASE__sendResponse + 19822820
    27  vl_convert.abi3.so                  0x00000003710b8798 v8_inspector__V8Inspector__Channel__BASE__sendResponse + 1613516
    28  vl_convert.abi3.so                  0x00000003710b8da4 v8_inspector__V8Inspector__Channel__BASE__sendResponse + 1615064
    29  vl_convert.abi3.so                  0x0000000370f9ecac v8_inspector__V8Inspector__Channel__BASE__sendResponse + 459744
    30  vl_convert.abi3.so                  0x0000000370eac9a4 wgpu_render_bundle_set_vertex_buffer + 7935172
    31  vl_convert.abi3.so                  0x00000003703b4438 PyInit_vl_convert + 3867704
    32  vl_convert.abi3.so                  0x000000037002ece0 PyInit_vl_convert + 175328
    33  vl_convert.abi3.so                  0x00000003700441b8 PyInit_vl_convert + 262584
    34  vl_convert.abi3.so                  0x000000037004314c PyInit_vl_convert + 258380
    35  vl_convert.abi3.so                  0x0000000370035670 PyInit_vl_convert + 202352
    36  vl_convert.abi3.so                  0x0000000370043050 PyInit_vl_convert + 258128
    37  vl_convert.abi3.so                  0x00000003700443d0 PyInit_vl_convert + 263120
    38  vl_convert.abi3.so                  0x0000000370044490 PyInit_vl_convert + 263312
    39  vl_convert.abi3.so                  0x00000003700437fc PyInit_vl_convert + 260092
    40  vl_convert.abi3.so                  0x0000000370043f2c PyInit_vl_convert + 261932
    41  vl_convert.abi3.so                  0x0000000370043a10 PyInit_vl_convert + 260624
    42  vl_convert.abi3.so                  0x0000000370035374 PyInit_vl_convert + 201588
    43  vl_convert.abi3.so                  0x000000037003812c PyInit_vl_convert + 213292
    44  vl_convert.abi3.so                  0x00000003723ee41c v8_inspector__V8Inspector__Channel__BASE__sendResponse + 21756752
    45  libsystem_pthread.dylib             0x000000019c3942e4 _pthread_start + 136
    46  libsystem_pthread.dylib             0x000000019c38f0fc thread_start + 8"
a83c61412c144bd5adbdf0e7525bce07,2026-05-09T15:38:56.360724+00:00,matplotlib,1k_line,,started,/Users/zwong/repos/personal-projects/benchmarks/python_src/outputs/matplotlib_1k_line.png,
a83c61412c144bd5adbdf0e7525bce07,2026-05-09T15:38:56.360724+00:00,matplotlib,1k_line,0.590939,ok,/Users/zwong/repos/personal-projects/benchmarks/python_src/outputs/matplotlib_1k_line.png,
a83c61412c144bd5adbdf0e7525bce07,2026-05-09T15:38:56.360724+00:00,matplotlib,5k_line,,started,/Users/zwong/repos/personal-projects/benchmarks/python_src/outputs/matplotlib_5k_line.png,
a83c61412c144bd5adbdf0e7525bce07,2026-05-09T15:38:56.360724+00:00,matplotlib,5k_line,0.434295,ok,/Users/zwong/repos/personal-projects/benchmarks/python_src/outputs/matplotlib_5k_line.png,
a83c61412c144bd5adbdf0e7525bce07,2026-05-09T15:38:56.360724+00:00,matplotlib,85k_line,,started,/Users/zwong/repos/personal-projects/benchmarks/python_src/outputs/matplotlib_85k_line.png,
a83c61412c144bd5adbdf0e7525bce07,2026-05-09T15:38:56.360724+00:00,matplotlib,85k_line,0.717496,ok,/Users/zwong/repos/personal-projects/benchmarks/python_src/outputs/matplotlib_85k_line.png,
a83c61412c144bd5adbdf0e7525bce07,2026-05-09T15:38:56.360724+00:00,matplotlib,170k_line,,started,/Users/zwong/repos/personal-projects/benchmarks/python_src/outputs/matplotlib_170k_line.png,
a83c61412c144bd5adbdf0e7525bce07,2026-05-09T15:38:56.360724+00:00,matplotlib,170k_line,0.837932,ok,/Users/zwong/repos/personal-projects/benchmarks/python_src/outputs/matplotlib_170k_line.png,
a83c61412c144bd5adbdf0e7525bce07,2026-05-09T15:38:56.360724+00:00,matplotlib,850k_line,,started,/Users/zwong/repos/personal-projects/benchmarks/python_src/outputs/matplotlib_850k_line.png,
a83c61412c144bd5adbdf0e7525bce07,2026-05-09T15:38:56.360724+00:00,matplotlib,850k_line,1.027689,ok,/Users/zwong/repos/personal-projects/benchmarks/python_src/outputs/matplotlib_850k_line.png,
a83c61412c144bd5adbdf0e7525bce07,2026-05-09T15:38:56.360724+00:00,matplotlib,2k_histogram,,started,/Users/zwong/repos/personal-projects/benchmarks/python_src/outputs/matplotlib_2k_histogram.png,
a83c61412c144bd5adbdf0e7525bce07,2026-05-09T15:38:56.360724+00:00,matplotlib,2k_histogram,0.415696,ok,/Users/zwong/repos/personal-projects/benchmarks/python_src/outputs/matplotlib_2k_histogram.png,
a83c61412c144bd5adbdf0e7525bce07,2026-05-09T15:38:56.360724+00:00,matplotlib,10k_histogram,,started,/Users/zwong/repos/personal-projects/benchmarks/python_src/outputs/matplotlib_10k_histogram.png,
a83c61412c144bd5adbdf0e7525bce07,2026-05-09T15:38:56.360724+00:00,matplotlib,10k_histogram,0.428505,ok,/Users/zwong/repos/personal-projects/benchmarks/python_src/outputs/matplotlib_10k_histogram.png,
a83c61412c144bd5adbdf0e7525bce07,2026-05-09T15:38:56.360724+00:00,matplotlib,1m_histogram,,started,/Users/zwong/repos/personal-projects/benchmarks/python_src/outputs/matplotlib_1m_histogram.png,
a83c61412c144bd5adbdf0e7525bce07,2026-05-09T15:38:56.360724+00:00,matplotlib,1m_histogram,0.895700,ok,/Users/zwong/repos/personal-projects/benchmarks/python_src/outputs/matplotlib_1m_histogram.png,
a83c61412c144bd5adbdf0e7525bce07,2026-05-09T15:38:56.360724+00:00,matplotlib,10m_histogram,,started,/Users/zwong/repos/personal-projects/benchmarks/python_src/outputs/matplotlib_10m_histogram.png,
a83c61412c144bd5adbdf0e7525bce07,2026-05-09T15:38:56.360724+00:00,matplotlib,10m_histogram,5.287033,ok,/Users/zwong/repos/personal-projects/benchmarks/python_src/outputs/matplotlib_10m_histogram.png,
a83c61412c144bd5adbdf0e7525bce07,2026-05-09T15:38:56.360724+00:00,matplotlib,1k_scatter,,started,/Users/zwong/repos/personal-projects/benchmarks/python_src/outputs/matplotlib_1k_scatter.png,
a83c61412c144bd5adbdf0e7525bce07,2026-05-09T15:38:56.360724+00:00,matplotlib,1k_scatter,0.407188,ok,/Users/zwong/repos/personal-projects/benchmarks/python_src/outputs/matplotlib_1k_scatter.png,
a83c61412c144bd5adbdf0e7525bce07,2026-05-09T15:38:56.360724+00:00,matplotlib,5k_scatter,,started,/Users/zwong/repos/personal-projects/benchmarks/python_src/outputs/matplotlib_5k_scatter.png,
a83c61412c144bd5adbdf0e7525bce07,2026-05-09T15:38:56.360724+00:00,matplotlib,5k_scatter,0.410419,ok,/Users/zwong/repos/personal-projects/benchmarks/python_src/outputs/matplotlib_5k_scatter.png,
a83c61412c144bd5adbdf0e7525bce07,2026-05-09T15:38:56.360724+00:00,matplotlib,500k_scatter,,started,/Users/zwong/repos/personal-projects/benchmarks/python_src/outputs/matplotlib_500k_scatter.png,
a83c61412c144bd5adbdf0e7525bce07,2026-05-09T15:38:56.360724+00:00,matplotlib,500k_scatter,2.016453,ok,/Users/zwong/repos/personal-projects/benchmarks/python_src/outputs/matplotlib_500k_scatter.png,
a83c61412c144bd5adbdf0e7525bce07,2026-05-09T15:38:56.360724+00:00,matplotlib,5m_scatter,,started,/Users/zwong/repos/personal-projects/benchmarks/python_src/outputs/matplotlib_5m_scatter.png,
a83c61412c144bd5adbdf0e7525bce07,2026-05-09T15:38:56.360724+00:00,matplotlib,5m_scatter,16.445155,ok,/Users/zwong/repos/personal-projects/benchmarks/python_src/outputs/matplotlib_5m_scatter.png,
a83c61412c144bd5adbdf0e7525bce07,2026-05-09T15:38:56.360724+00:00,plotly,1k_line,,started,/Users/zwong/repos/personal-projects/benchmarks/python_src/outputs/plotly_1k_line.png,
a83c61412c144bd5adbdf0e7525bce07,2026-05-09T15:38:56.360724+00:00,plotly,1k_line,2.493557,ok,/Users/zwong/repos/personal-projects/benchmarks/python_src/outputs/plotly_1k_line.png,
a83c61412c144bd5adbdf0e7525bce07,2026-05-09T15:38:56.360724+00:00,plotly,5k_line,,started,/Users/zwong/repos/personal-projects/benchmarks/python_src/outputs/plotly_5k_line.png,
a83c61412c144bd5adbdf0e7525bce07,2026-05-09T15:38:56.360724+00:00,plotly,5k_line,2.283624,ok,/Users/zwong/repos/personal-projects/benchmarks/python_src/outputs/plotly_5k_line.png,
a83c61412c144bd5adbdf0e7525bce07,2026-05-09T15:38:56.360724+00:00,plotly,85k_line,,started,/Users/zwong/repos/personal-projects/benchmarks/python_src/outputs/plotly_85k_line.png,
a83c61412c144bd5adbdf0e7525bce07,2026-05-09T15:38:56.360724+00:00,plotly,85k_line,2.506040,ok,/Users/zwong/repos/personal-projects/benchmarks/python_src/outputs/plotly_85k_line.png,
a83c61412c144bd5adbdf0e7525bce07,2026-05-09T15:38:56.360724+00:00,plotly,170k_line,,started,/Users/zwong/repos/personal-projects/benchmarks/python_src/outputs/plotly_170k_line.png,
a83c61412c144bd5adbdf0e7525bce07,2026-05-09T15:38:56.360724+00:00,plotly,170k_line,2.585288,ok,/Users/zwong/repos/personal-projects/benchmarks/python_src/outputs/plotly_170k_line.png,
a83c61412c144bd5adbdf0e7525bce07,2026-05-09T15:38:56.360724+00:00,plotly,850k_line,,started,/Users/zwong/repos/personal-projects/benchmarks/python_src/outputs/plotly_850k_line.png,
a83c61412c144bd5adbdf0e7525bce07,2026-05-09T15:38:56.360724+00:00,plotly,850k_line,3.685127,ok,/Users/zwong/repos/personal-projects/benchmarks/python_src/outputs/plotly_850k_line.png,
a83c61412c144bd5adbdf0e7525bce07,2026-05-09T15:38:56.360724+00:00,plotly,2k_histogram,,started,/Users/zwong/repos/personal-projects/benchmarks/python_src/outputs/plotly_2k_histogram.png,
a83c61412c144bd5adbdf0e7525bce07,2026-05-09T15:38:56.360724+00:00,plotly,2k_histogram,2.297715,ok,/Users/zwong/repos/personal-projects/benchmarks/python_src/outputs/plotly_2k_histogram.png,
a83c61412c144bd5adbdf0e7525bce07,2026-05-09T15:38:56.360724+00:00,plotly,10k_histogram,,started,/Users/zwong/repos/personal-projects/benchmarks/python_src/outputs/plotly_10k_histogram.png,
a83c61412c144bd5adbdf0e7525bce07,2026-05-09T15:38:56.360724+00:00,plotly,10k_histogram,2.253711,ok,/Users/zwong/repos/personal-projects/benchmarks/python_src/outputs/plotly_10k_histogram.png,
a83c61412c144bd5adbdf0e7525bce07,2026-05-09T15:38:56.360724+00:00,plotly,1m_histogram,,started,/Users/zwong/repos/personal-projects/benchmarks/python_src/outputs/plotly_1m_histogram.png,
a83c61412c144bd5adbdf0e7525bce07,2026-05-09T15:38:56.360724+00:00,plotly,1m_histogram,3.042740,ok,/Users/zwong/repos/personal-projects/benchmarks/python_src/outputs/plotly_1m_histogram.png,
a83c61412c144bd5adbdf0e7525bce07,2026-05-09T15:38:56.360724+00:00,plotly,10m_histogram,,started,/Users/zwong/repos/personal-projects/benchmarks/python_src/outputs/plotly_10m_histogram.png,
a83c61412c144bd5adbdf0e7525bce07,2026-05-09T15:38:56.360724+00:00,plotly,10m_histogram,9.817597,ok,/Users/zwong/repos/personal-projects/benchmarks/python_src/outputs/plotly_10m_histogram.png,
a83c61412c144bd5adbdf0e7525bce07,2026-05-09T15:38:56.360724+00:00,plotly,1k_scatter,,started,/Users/zwong/repos/personal-projects/benchmarks/python_src/outputs/plotly_1k_scatter.png,
a83c61412c144bd5adbdf0e7525bce07,2026-05-09T15:38:56.360724+00:00,plotly,1k_scatter,2.542139,ok,/Users/zwong/repos/personal-projects/benchmarks/python_src/outputs/plotly_1k_scatter.png,
a83c61412c144bd5adbdf0e7525bce07,2026-05-09T15:38:56.360724+00:00,plotly,5k_scatter,,started,/Users/zwong/repos/personal-projects/benchmarks/python_src/outputs/plotly_5k_scatter.png,
a83c61412c144bd5adbdf0e7525bce07,2026-05-09T15:38:56.360724+00:00,plotly,5k_scatter,2.533127,ok,/Users/zwong/repos/personal-projects/benchmarks/python_src/outputs/plotly_5k_scatter.png,
a83c61412c144bd5adbdf0e7525bce07,2026-05-09T15:38:56.360724+00:00,plotly,500k_scatter,,started,/Users/zwong/repos/personal-projects/benchmarks/python_src/outputs/plotly_500k_scatter.png,
a83c61412c144bd5adbdf0e7525bce07,2026-05-09T15:38:56.360724+00:00,plotly,500k_scatter,3.858338,ok,/Users/zwong/repos/personal-projects/benchmarks/python_src/outputs/plotly_500k_scatter.png,
a83c61412c144bd5adbdf0e7525bce07,2026-05-09T15:38:56.360724+00:00,plotly,5m_scatter,,started,/Users/zwong/repos/personal-projects/benchmarks/python_src/outputs/plotly_5m_scatter.png,
a83c61412c144bd5adbdf0e7525bce07,2026-05-09T15:38:56.360724+00:00,plotly,5m_scatter,30.041309,timeout,/Users/zwong/repos/personal-projects/benchmarks/python_src/outputs/plotly_5m_scatter.png,timed out after 30s
705772c6cb29480ea0a71c183aa83b6a,2026-05-09T15:41:52.567327+00:00,altair,1k_line,,started,/Users/zwong/repos/personal-projects/benchmarks/python_src/outputs/altair_1k_line.png,
705772c6cb29480ea0a71c183aa83b6a,2026-05-09T15:41:52.567327+00:00,altair,1k_line,0.537919,ok,/Users/zwong/repos/personal-projects/benchmarks/python_src/outputs/altair_1k_line.png,
705772c6cb29480ea0a71c183aa83b6a,2026-05-09T15:41:52.567327+00:00,altair,5k_line,,started,/Users/zwong/repos/personal-projects/benchmarks/python_src/outputs/altair_5k_line.png,
705772c6cb29480ea0a71c183aa83b6a,2026-05-09T15:41:52.567327+00:00,altair,5k_line,0.537383,ok,/Users/zwong/repos/personal-projects/benchmarks/python_src/outputs/altair_5k_line.png,
705772c6cb29480ea0a71c183aa83b6a,2026-05-09T15:41:52.567327+00:00,altair,85k_line,,started,/Users/zwong/repos/personal-projects/benchmarks/python_src/outputs/altair_85k_line.png,
705772c6cb29480ea0a71c183aa83b6a,2026-05-09T15:41:52.567327+00:00,altair,85k_line,1.291181,ok,/Users/zwong/repos/personal-projects/benchmarks/python_src/outputs/altair_85k_line.png,
705772c6cb29480ea0a71c183aa83b6a,2026-05-09T15:41:52.567327+00:00,altair,170k_line,,started,/Users/zwong/repos/personal-projects/benchmarks/python_src/outputs/altair_170k_line.png,
705772c6cb29480ea0a71c183aa83b6a,2026-05-09T15:41:52.567327+00:00,altair,170k_line,2.277952,ok,/Users/zwong/repos/personal-projects/benchmarks/python_src/outputs/altair_170k_line.png,
705772c6cb29480ea0a71c183aa83b6a,2026-05-09T15:41:52.567327+00:00,altair,850k_line,,started,/Users/zwong/repos/personal-projects/benchmarks/python_src/outputs/altair_850k_line.png,
705772c6cb29480ea0a71c183aa83b6a,2026-05-09T15:41:52.567327+00:00,altair,850k_line,11.782271,ok,/Users/zwong/repos/personal-projects/benchmarks/python_src/outputs/altair_850k_line.png,
705772c6cb29480ea0a71c183aa83b6a,2026-05-09T15:41:52.567327+00:00,altair,2k_histogram,,started,/Users/zwong/repos/personal-projects/benchmarks/python_src/outputs/altair_2k_histogram.png,
705772c6cb29480ea0a71c183aa83b6a,2026-05-09T15:41:52.567327+00:00,altair,2k_histogram,0.472517,ok,/Users/zwong/repos/personal-projects/benchmarks/python_src/outputs/altair_2k_histogram.png,
705772c6cb29480ea0a71c183aa83b6a,2026-05-09T15:41:52.567327+00:00,altair,10k_histogram,,started,/Users/zwong/repos/personal-projects/benchmarks/python_src/outputs/altair_10k_histogram.png,
705772c6cb29480ea0a71c183aa83b6a,2026-05-09T15:41:52.567327+00:00,altair,10k_histogram,0.495748,ok,/Users/zwong/repos/personal-projects/benchmarks/python_src/outputs/altair_10k_histogram.png,
705772c6cb29480ea0a71c183aa83b6a,2026-05-09T15:41:52.567327+00:00,altair,1m_histogram,,started,/Users/zwong/repos/personal-projects/benchmarks/python_src/outputs/altair_1m_histogram.png,
705772c6cb29480ea0a71c183aa83b6a,2026-05-09T15:41:52.567327+00:00,altair,1m_histogram,1.927920,ok,/Users/zwong/repos/personal-projects/benchmarks/python_src/outputs/altair_1m_histogram.png,
705772c6cb29480ea0a71c183aa83b6a,2026-05-09T15:41:52.567327+00:00,altair,10m_histogram,,started,/Users/zwong/repos/personal-projects/benchmarks/python_src/outputs/altair_10m_histogram.png,
705772c6cb29480ea0a71c183aa83b6a,2026-05-09T15:41:52.567327+00:00,altair,10m_histogram,25.050303,error,/Users/zwong/repos/personal-projects/benchmarks/python_src/outputs/altair_10m_histogram.png,"<--- Last few GCs --->

[863:0x130020000]    11267 ms: Scavenge (interleaved) 1395.6 (1398.8) -> 1395.6 (1403.8) MB, pooled: 0 MB, 3.42 / 0.00 ms  (average mu = 0.150, current mu = 0.098) allocation failure; 
[863:0x130020000]    11553 ms: Mark-Compact (reduce) 1397.4 (1403.8) -> 1397.4 (1399.3) MB, pooled: 0 MB, 268.17 / 0.00 ms  (+ 0.5 ms in 0 steps since start of marking, biggest step 0.0 ms, walltime since start of marking 272 ms) (average mu = 0.122, curr

<--- JS stacktrace --->



#
# Fatal JavaScript out of memory: Ineffective mark-compacts near heap limit
#
==== C stack trace ===============================

    0   vl_convert.abi3.so                  0x00000003a62ad5a0 v8_inspector__V8Inspector__Channel__BASE__sendResponse + 77012
    1   vl_convert.abi3.so                  0x00000003a62b33f8 v8_inspector__V8Inspector__Channel__BASE__sendResponse + 101164
    2   vl_convert.abi3.so                  0x00000003a62a3b18 v8_inspector__V8Inspector__Channel__BASE__sendResponse + 37452
    3   vl_convert.abi3.so                  0x00000003a6307830 v8_inspector__V8Inspector__Channel__BASE__sendResponse + 446308
    4   vl_convert.abi3.so                  0x00000003a64c72d8 v8_inspector__V8Inspector__Channel__BASE__sendResponse + 2279948
    5   vl_convert.abi3.so                  0x00000003a64d9c3c v8_inspector__V8Inspector__Channel__BASE__sendResponse + 2356080
    6   vl_convert.abi3.so                  0x00000003a64d94f8 v8_inspector__V8Inspector__Channel__BASE__sendResponse + 2354220
    7   vl_convert.abi3.so                  0x00000003a6d21af0 v8_inspector__V8Inspector__Channel__BASE__sendResponse + 11039268
    8   vl_convert.abi3.so                  0x00000003a64c5454 v8_inspector__V8Inspector__Channel__BASE__sendResponse + 2272136
    9   vl_convert.abi3.so                  0x00000003a644f874 v8_inspector__V8Inspector__Channel__BASE__sendResponse + 1789864
    10  vl_convert.abi3.so                  0x00000003a6889138 v8_inspector__V8Inspector__Channel__BASE__sendResponse + 6219884
    11  vl_convert.abi3.so                  0x00000003a761b9f4 v8_inspector__V8Inspector__Channel__BASE__sendResponse + 20451624
    12  ???                                 0x00000004b4aeefe4 0x0 + 20211232740
    13  vl_convert.abi3.so                  0x00000003a7636648 v8_inspector__V8Inspector__Channel__BASE__sendResponse + 20561276
    14  vl_convert.abi3.so                  0x00000003a7584838 v8_inspector__V8Inspector__Channel__BASE__sendResponse + 19832684
    15  vl_convert.abi3.so                  0x00000003a7584838 v8_inspector__V8Inspector__Channel__BASE__sendResponse + 19832684
    16  vl_convert.abi3.so                  0x00000003a7584838 v8_inspector__V8Inspector__Channel__BASE__sendResponse + 19832684
    17  vl_convert.abi3.so                  0x00000003a7584838 v8_inspector__V8Inspector__Channel__BASE__sendResponse + 19832684
    18  vl_convert.abi3.so                  0x00000003a7584838 v8_inspector__V8Inspector__Channel__BASE__sendResponse + 19832684
    19  vl_convert.abi3.so                  0x00000003a7584838 v8_inspector__V8Inspector__Channel__BASE__sendResponse + 19832684
    20  vl_convert.abi3.so                  0x00000003a7584838 v8_inspector__V8Inspector__Channel__BASE__sendResponse + 19832684
    21  vl_convert.abi3.so                  0x00000003a7584838 v8_inspector__V8Inspector__Channel__BASE__sendResponse + 19832684
    22  vl_convert.abi3.so                  0x00000003a7584838 v8_inspector__V8Inspector__Channel__BASE__sendResponse + 19832684
    23  vl_convert.abi3.so                  0x00000003a7584838 v8_inspector__V8Inspector__Channel__BASE__sendResponse + 19832684
    24  vl_convert.abi3.so                  0x00000003a7584838 v8_inspector__V8Inspector__Channel__BASE__sendResponse + 19832684
    25  vl_convert.abi3.so                  0x00000003a758250c v8_inspector__V8Inspector__Channel__BASE__sendResponse + 19823680
    26  vl_convert.abi3.so                  0x00000003a75821b0 v8_inspector__V8Inspector__Channel__BASE__sendResponse + 19822820
    27  vl_convert.abi3.so                  0x00000003a6424798 v8_inspector__V8Inspector__Channel__BASE__sendResponse + 1613516
    28  vl_convert.abi3.so                  0x00000003a6424da4 v8_inspector__V8Inspector__Channel__BASE__sendResponse + 1615064
    29  vl_convert.abi3.so                  0x00000003a630acac v8_inspector__V8Inspector__Channel__BASE__sendResponse + 459744
    30  vl_convert.abi3.so                  0x00000003a62189a4 wgpu_render_bundle_set_vertex_buffer + 7935172
    31  vl_convert.abi3.so                  0x00000003a5720438 PyInit_vl_convert + 3867704
    32  vl_convert.abi3.so                  0x00000003a539ace0 PyInit_vl_convert + 175328
    33  vl_convert.abi3.so                  0x00000003a53b01b8 PyInit_vl_convert + 262584
    34  vl_convert.abi3.so                  0x00000003a53af14c PyInit_vl_convert + 258380
    35  vl_convert.abi3.so                  0x00000003a53a1670 PyInit_vl_convert + 202352
    36  vl_convert.abi3.so                  0x00000003a53af050 PyInit_vl_convert + 258128
    37  vl_convert.abi3.so                  0x00000003a53b03d0 PyInit_vl_convert + 263120
    38  vl_convert.abi3.so                  0x00000003a53b0490 PyInit_vl_convert + 263312
    39  vl_convert.abi3.so                  0x00000003a53af7fc PyInit_vl_convert + 260092
    40  vl_convert.abi3.so                  0x00000003a53aff2c PyInit_vl_convert + 261932
    41  vl_convert.abi3.so                  0x00000003a53afa10 PyInit_vl_convert + 260624
    42  vl_convert.abi3.so                  0x00000003a53a1374 PyInit_vl_convert + 201588
    43  vl_convert.abi3.so                  0x00000003a53a412c PyInit_vl_convert + 213292
    44  vl_convert.abi3.so                  0x00000003a775a41c v8_inspector__V8Inspector__Channel__BASE__sendResponse + 21756752
    45  libsystem_pthread.dylib             0x000000019c3942e4 _pthread_start + 136
    46  libsystem_pthread.dylib             0x000000019c38f0fc thread_start + 8"
705772c6cb29480ea0a71c183aa83b6a,2026-05-09T15:41:52.567327+00:00,altair,1k_scatter,,started,/Users/zwong/repos/personal-projects/benchmarks/python_src/outputs/altair_1k_scatter.png,
705772c6cb29480ea0a71c183aa83b6a,2026-05-09T15:41:52.567327+00:00,altair,1k_scatter,0.708751,ok,/Users/zwong/repos/personal-projects/benchmarks/python_src/outputs/altair_1k_scatter.png,
705772c6cb29480ea0a71c183aa83b6a,2026-05-09T15:41:52.567327+00:00,altair,5k_scatter,,started,/Users/zwong/repos/personal-projects/benchmarks/python_src/outputs/altair_5k_scatter.png,
705772c6cb29480ea0a71c183aa83b6a,2026-05-09T15:41:52.567327+00:00,altair,5k_scatter,0.595837,ok,/Users/zwong/repos/personal-projects/benchmarks/python_src/outputs/altair_5k_scatter.png,
705772c6cb29480ea0a71c183aa83b6a,2026-05-09T15:41:52.567327+00:00,altair,500k_scatter,,started,/Users/zwong/repos/personal-projects/benchmarks/python_src/outputs/altair_500k_scatter.png,
705772c6cb29480ea0a71c183aa83b6a,2026-05-09T15:41:52.567327+00:00,altair,500k_scatter,9.456579,ok,/Users/zwong/repos/personal-projects/benchmarks/python_src/outputs/altair_500k_scatter.png,
705772c6cb29480ea0a71c183aa83b6a,2026-05-09T15:41:52.567327+00:00,altair,5m_scatter,,started,/Users/zwong/repos/personal-projects/benchmarks/python_src/outputs/altair_5m_scatter.png,
705772c6cb29480ea0a71c183aa83b6a,2026-05-09T15:41:52.567327+00:00,altair,5m_scatter,18.776985,error,/Users/zwong/repos/personal-projects/benchmarks/python_src/outputs/altair_5m_scatter.png,"<--- Last few GCs --->

[870:0x120018000]     7773 ms: Scavenge (interleaved) 1360.4 (1407.7) -> 1360.4 (1430.7) MB, pooled: 0 MB, 9.04 / 0.00 ms  (average mu = 0.386, current mu = 0.364) allocation failure; 
[870:0x120018000]     8204 ms: Mark-Compact (reduce) 1375.2 (1430.7) -> 1375.2 (1415.5) MB, pooled: 0 MB, 220.62 / 0.00 ms  (+ 187.5 ms in 0 steps since start of marking, biggest step 0.0 ms, walltime since start of marking 420 ms) (average mu = 0.258, cu

<--- JS stacktrace --->



#
# Fatal JavaScript out of memory: Reached heap limit
#
==== C stack trace ===============================

    0   vl_convert.abi3.so                  0x000000037e86d5a0 v8_inspector__V8Inspector__Channel__BASE__sendResponse + 77012
    1   vl_convert.abi3.so                  0x000000037e8733f8 v8_inspector__V8Inspector__Channel__BASE__sendResponse + 101164
    2   vl_convert.abi3.so                  0x000000037e863b18 v8_inspector__V8Inspector__Channel__BASE__sendResponse + 37452
    3   vl_convert.abi3.so                  0x000000037e8c7830 v8_inspector__V8Inspector__Channel__BASE__sendResponse + 446308
    4   vl_convert.abi3.so                  0x000000037ea872d8 v8_inspector__V8Inspector__Channel__BASE__sendResponse + 2279948
    5   vl_convert.abi3.so                  0x000000037ea8564c v8_inspector__V8Inspector__Channel__BASE__sendResponse + 2272640
    6   vl_convert.abi3.so                  0x000000037ea7c784 v8_inspector__V8Inspector__Channel__BASE__sendResponse + 2236088
    7   vl_convert.abi3.so                  0x000000037ea7d170 v8_inspector__V8Inspector__Channel__BASE__sendResponse + 2238628
    8   vl_convert.abi3.so                  0x000000037ea62c30 v8_inspector__V8Inspector__Channel__BASE__sendResponse + 2130788
    9   vl_convert.abi3.so                  0x000000037ee4953c v8_inspector__V8Inspector__Channel__BASE__sendResponse + 6220912
    10  vl_convert.abi3.so                  0x000000037fbdb9f4 v8_inspector__V8Inspector__Channel__BASE__sendResponse + 20451624
    11  ???                                 0x0000000403900a1c 0x0 + 17239640604
    12  ???                                 0x0000000403900650 0x0 + 17239639632
    13  vl_convert.abi3.so                  0x000000037fbf6648 v8_inspector__V8Inspector__Channel__BASE__sendResponse + 20561276
    14  ???                                 0x00000004038ab3a4 0x0 + 17239290788
    15  ???                                 0x00000004038a8bd0 0x0 + 17239280592
    16  vl_convert.abi3.so                  0x000000037fb44838 v8_inspector__V8Inspector__Channel__BASE__sendResponse + 19832684
    17  ???                                 0x00000004038a8130 0x0 + 17239277872
    18  ???                                 0x00000004038a83c0 0x0 + 17239278528
    19  ???                                 0x00000004038acbbc 0x0 + 17239296956
    20  vl_convert.abi3.so                  0x000000037fb44838 v8_inspector__V8Inspector__Channel__BASE__sendResponse + 19832684
    21  vl_convert.abi3.so                  0x000000037fb44838 v8_inspector__V8Inspector__Channel__BASE__sendResponse + 19832684
    22  vl_convert.abi3.so                  0x000000037fb44838 v8_inspector__V8Inspector__Channel__BASE__sendResponse + 19832684
    23  vl_convert.abi3.so                  0x000000037fb44838 v8_inspector__V8Inspector__Channel__BASE__sendResponse + 19832684
    24  vl_convert.abi3.so                  0x000000037fb44838 v8_inspector__V8Inspector__Channel__BASE__sendResponse + 19832684
    25  vl_convert.abi3.so                  0x000000037fb4250c v8_inspector__V8Inspector__Channel__BASE__sendResponse + 19823680
    26  vl_convert.abi3.so                  0x000000037fb421b0 v8_inspector__V8Inspector__Channel__BASE__sendResponse + 19822820
    27  vl_convert.abi3.so                  0x000000037e9e4798 v8_inspector__V8Inspector__Channel__BASE__sendResponse + 1613516
    28  vl_convert.abi3.so                  0x000000037e9e4da4 v8_inspector__V8Inspector__Channel__BASE__sendResponse + 1615064
    29  vl_convert.abi3.so                  0x000000037e8cacac v8_inspector__V8Inspector__Channel__BASE__sendResponse + 459744
    30  vl_convert.abi3.so                  0x000000037e7d89a4 wgpu_render_bundle_set_vertex_buffer + 7935172
    31  vl_convert.abi3.so                  0x000000037dce0438 PyInit_vl_convert + 3867704
    32  vl_convert.abi3.so                  0x000000037d95ace0 PyInit_vl_convert + 175328
    33  vl_convert.abi3.so                  0x000000037d9701b8 PyInit_vl_convert + 262584
    34  vl_convert.abi3.so                  0x000000037d96f14c PyInit_vl_convert + 258380
    35  vl_convert.abi3.so                  0x000000037d961670 PyInit_vl_convert + 202352
    36  vl_convert.abi3.so                  0x000000037d96f050 PyInit_vl_convert + 258128
    37  vl_convert.abi3.so                  0x000000037d9703d0 PyInit_vl_convert + 263120
    38  vl_convert.abi3.so                  0x000000037d970490 PyInit_vl_convert + 263312
    39  vl_convert.abi3.so                  0x000000037d96f7fc PyInit_vl_convert + 260092
    40  vl_convert.abi3.so                  0x000000037d96ff2c PyInit_vl_convert + 261932
    41  vl_convert.abi3.so                  0x000000037d96fa10 PyInit_vl_convert + 260624
    42  vl_convert.abi3.so                  0x000000037d961374 PyInit_vl_convert + 201588
    43  vl_convert.abi3.so                  0x000000037d96412c PyInit_vl_convert + 213292
    44  vl_convert.abi3.so                  0x000000037fd1a41c v8_inspector__V8Inspector__Channel__BASE__sendResponse + 21756752
    45  libsystem_pthread.dylib             0x000000019c3942e4 _pthread_start + 136
    46  libsystem_pthread.dylib             0x000000019c38f0fc thread_start + 8"
705772c6cb29480ea0a71c183aa83b6a,2026-05-09T15:41:52.567327+00:00,matplotlib,1k_line,,started,/Users/zwong/repos/personal-projects/benchmarks/python_src/outputs/matplotlib_1k_line.png,
705772c6cb29480ea0a71c183aa83b6a,2026-05-09T15:41:52.567327+00:00,matplotlib,1k_line,0.600172,ok,/Users/zwong/repos/personal-projects/benchmarks/python_src/outputs/matplotlib_1k_line.png,
705772c6cb29480ea0a71c183aa83b6a,2026-05-09T15:41:52.567327+00:00,matplotlib,5k_line,,started,/Users/zwong/repos/personal-projects/benchmarks/python_src/outputs/matplotlib_5k_line.png,
705772c6cb29480ea0a71c183aa83b6a,2026-05-09T15:41:52.567327+00:00,matplotlib,5k_line,0.436355,ok,/Users/zwong/repos/personal-projects/benchmarks/python_src/outputs/matplotlib_5k_line.png,
705772c6cb29480ea0a71c183aa83b6a,2026-05-09T15:41:52.567327+00:00,matplotlib,85k_line,,started,/Users/zwong/repos/personal-projects/benchmarks/python_src/outputs/matplotlib_85k_line.png,
705772c6cb29480ea0a71c183aa83b6a,2026-05-09T15:41:52.567327+00:00,matplotlib,85k_line,0.696630,ok,/Users/zwong/repos/personal-projects/benchmarks/python_src/outputs/matplotlib_85k_line.png,
705772c6cb29480ea0a71c183aa83b6a,2026-05-09T15:41:52.567327+00:00,matplotlib,170k_line,,started,/Users/zwong/repos/personal-projects/benchmarks/python_src/outputs/matplotlib_170k_line.png,
705772c6cb29480ea0a71c183aa83b6a,2026-05-09T15:41:52.567327+00:00,matplotlib,170k_line,0.832607,ok,/Users/zwong/repos/personal-projects/benchmarks/python_src/outputs/matplotlib_170k_line.png,
705772c6cb29480ea0a71c183aa83b6a,2026-05-09T15:41:52.567327+00:00,matplotlib,850k_line,,started,/Users/zwong/repos/personal-projects/benchmarks/python_src/outputs/matplotlib_850k_line.png,
705772c6cb29480ea0a71c183aa83b6a,2026-05-09T15:41:52.567327+00:00,matplotlib,850k_line,1.027092,ok,/Users/zwong/repos/personal-projects/benchmarks/python_src/outputs/matplotlib_850k_line.png,
705772c6cb29480ea0a71c183aa83b6a,2026-05-09T15:41:52.567327+00:00,matplotlib,2k_histogram,,started,/Users/zwong/repos/personal-projects/benchmarks/python_src/outputs/matplotlib_2k_histogram.png,
705772c6cb29480ea0a71c183aa83b6a,2026-05-09T15:41:52.567327+00:00,matplotlib,2k_histogram,0.400218,ok,/Users/zwong/repos/personal-projects/benchmarks/python_src/outputs/matplotlib_2k_histogram.png,
705772c6cb29480ea0a71c183aa83b6a,2026-05-09T15:41:52.567327+00:00,matplotlib,10k_histogram,,started,/Users/zwong/repos/personal-projects/benchmarks/python_src/outputs/matplotlib_10k_histogram.png,
705772c6cb29480ea0a71c183aa83b6a,2026-05-09T15:41:52.567327+00:00,matplotlib,10k_histogram,0.405848,ok,/Users/zwong/repos/personal-projects/benchmarks/python_src/outputs/matplotlib_10k_histogram.png,
705772c6cb29480ea0a71c183aa83b6a,2026-05-09T15:41:52.567327+00:00,matplotlib,1m_histogram,,started,/Users/zwong/repos/personal-projects/benchmarks/python_src/outputs/matplotlib_1m_histogram.png,
705772c6cb29480ea0a71c183aa83b6a,2026-05-09T15:41:52.567327+00:00,matplotlib,1m_histogram,0.918719,ok,/Users/zwong/repos/personal-projects/benchmarks/python_src/outputs/matplotlib_1m_histogram.png,
705772c6cb29480ea0a71c183aa83b6a,2026-05-09T15:41:52.567327+00:00,matplotlib,10m_histogram,,started,/Users/zwong/repos/personal-projects/benchmarks/python_src/outputs/matplotlib_10m_histogram.png,
705772c6cb29480ea0a71c183aa83b6a,2026-05-09T15:41:52.567327+00:00,matplotlib,10m_histogram,5.267697,ok,/Users/zwong/repos/personal-projects/benchmarks/python_src/outputs/matplotlib_10m_histogram.png,
705772c6cb29480ea0a71c183aa83b6a,2026-05-09T15:41:52.567327+00:00,matplotlib,1k_scatter,,started,/Users/zwong/repos/personal-projects/benchmarks/python_src/outputs/matplotlib_1k_scatter.png,
705772c6cb29480ea0a71c183aa83b6a,2026-05-09T15:41:52.567327+00:00,matplotlib,1k_scatter,0.402742,ok,/Users/zwong/repos/personal-projects/benchmarks/python_src/outputs/matplotlib_1k_scatter.png,
705772c6cb29480ea0a71c183aa83b6a,2026-05-09T15:41:52.567327+00:00,matplotlib,5k_scatter,,started,/Users/zwong/repos/personal-projects/benchmarks/python_src/outputs/matplotlib_5k_scatter.png,
705772c6cb29480ea0a71c183aa83b6a,2026-05-09T15:41:52.567327+00:00,matplotlib,5k_scatter,0.414498,ok,/Users/zwong/repos/personal-projects/benchmarks/python_src/outputs/matplotlib_5k_scatter.png,
705772c6cb29480ea0a71c183aa83b6a,2026-05-09T15:41:52.567327+00:00,matplotlib,500k_scatter,,started,/Users/zwong/repos/personal-projects/benchmarks/python_src/outputs/matplotlib_500k_scatter.png,
705772c6cb29480ea0a71c183aa83b6a,2026-05-09T15:41:52.567327+00:00,matplotlib,500k_scatter,2.029841,ok,/Users/zwong/repos/personal-projects/benchmarks/python_src/outputs/matplotlib_500k_scatter.png,
705772c6cb29480ea0a71c183aa83b6a,2026-05-09T15:41:52.567327+00:00,matplotlib,5m_scatter,,started,/Users/zwong/repos/personal-projects/benchmarks/python_src/outputs/matplotlib_5m_scatter.png,
705772c6cb29480ea0a71c183aa83b6a,2026-05-09T15:41:52.567327+00:00,matplotlib,5m_scatter,16.712918,ok,/Users/zwong/repos/personal-projects/benchmarks/python_src/outputs/matplotlib_5m_scatter.png,
705772c6cb29480ea0a71c183aa83b6a,2026-05-09T15:41:52.567327+00:00,plotly,1k_line,,started,/Users/zwong/repos/personal-projects/benchmarks/python_src/outputs/plotly_1k_line.png,
705772c6cb29480ea0a71c183aa83b6a,2026-05-09T15:41:52.567327+00:00,plotly,1k_line,2.480232,ok,/Users/zwong/repos/personal-projects/benchmarks/python_src/outputs/plotly_1k_line.png,
705772c6cb29480ea0a71c183aa83b6a,2026-05-09T15:41:52.567327+00:00,plotly,5k_line,,started,/Users/zwong/repos/personal-projects/benchmarks/python_src/outputs/plotly_5k_line.png,
705772c6cb29480ea0a71c183aa83b6a,2026-05-09T15:41:52.567327+00:00,plotly,5k_line,2.257542,ok,/Users/zwong/repos/personal-projects/benchmarks/python_src/outputs/plotly_5k_line.png,
705772c6cb29480ea0a71c183aa83b6a,2026-05-09T15:41:52.567327+00:00,plotly,85k_line,,started,/Users/zwong/repos/personal-projects/benchmarks/python_src/outputs/plotly_85k_line.png,
705772c6cb29480ea0a71c183aa83b6a,2026-05-09T15:41:52.567327+00:00,plotly,85k_line,2.399459,ok,/Users/zwong/repos/personal-projects/benchmarks/python_src/outputs/plotly_85k_line.png,
705772c6cb29480ea0a71c183aa83b6a,2026-05-09T15:41:52.567327+00:00,plotly,170k_line,,started,/Users/zwong/repos/personal-projects/benchmarks/python_src/outputs/plotly_170k_line.png,
705772c6cb29480ea0a71c183aa83b6a,2026-05-09T15:41:52.567327+00:00,plotly,170k_line,2.722677,ok,/Users/zwong/repos/personal-projects/benchmarks/python_src/outputs/plotly_170k_line.png,
705772c6cb29480ea0a71c183aa83b6a,2026-05-09T15:41:52.567327+00:00,plotly,850k_line,,started,/Users/zwong/repos/personal-projects/benchmarks/python_src/outputs/plotly_850k_line.png,
705772c6cb29480ea0a71c183aa83b6a,2026-05-09T15:41:52.567327+00:00,plotly,850k_line,3.666871,ok,/Users/zwong/repos/personal-projects/benchmarks/python_src/outputs/plotly_850k_line.png,
705772c6cb29480ea0a71c183aa83b6a,2026-05-09T15:41:52.567327+00:00,plotly,2k_histogram,,started,/Users/zwong/repos/personal-projects/benchmarks/python_src/outputs/plotly_2k_histogram.png,
705772c6cb29480ea0a71c183aa83b6a,2026-05-09T15:41:52.567327+00:00,plotly,2k_histogram,2.242134,ok,/Users/zwong/repos/personal-projects/benchmarks/python_src/outputs/plotly_2k_histogram.png,
705772c6cb29480ea0a71c183aa83b6a,2026-05-09T15:41:52.567327+00:00,plotly,10k_histogram,,started,/Users/zwong/repos/personal-projects/benchmarks/python_src/outputs/plotly_10k_histogram.png,
705772c6cb29480ea0a71c183aa83b6a,2026-05-09T15:41:52.567327+00:00,plotly,10k_histogram,2.323712,ok,/Users/zwong/repos/personal-projects/benchmarks/python_src/outputs/plotly_10k_histogram.png,
705772c6cb29480ea0a71c183aa83b6a,2026-05-09T15:41:52.567327+00:00,plotly,1m_histogram,,started,/Users/zwong/repos/personal-projects/benchmarks/python_src/outputs/plotly_1m_histogram.png,
705772c6cb29480ea0a71c183aa83b6a,2026-05-09T15:41:52.567327+00:00,plotly,1m_histogram,3.015552,ok,/Users/zwong/repos/personal-projects/benchmarks/python_src/outputs/plotly_1m_histogram.png,
705772c6cb29480ea0a71c183aa83b6a,2026-05-09T15:41:52.567327+00:00,plotly,10m_histogram,,started,/Users/zwong/repos/personal-projects/benchmarks/python_src/outputs/plotly_10m_histogram.png,
705772c6cb29480ea0a71c183aa83b6a,2026-05-09T15:41:52.567327+00:00,plotly,10m_histogram,9.936029,ok,/Users/zwong/repos/personal-projects/benchmarks/python_src/outputs/plotly_10m_histogram.png,
705772c6cb29480ea0a71c183aa83b6a,2026-05-09T15:41:52.567327+00:00,plotly,1k_scatter,,started,/Users/zwong/repos/personal-projects/benchmarks/python_src/outputs/plotly_1k_scatter.png,
705772c6cb29480ea0a71c183aa83b6a,2026-05-09T15:41:52.567327+00:00,plotly,1k_scatter,2.620678,ok,/Users/zwong/repos/personal-projects/benchmarks/python_src/outputs/plotly_1k_scatter.png,
705772c6cb29480ea0a71c183aa83b6a,2026-05-09T15:41:52.567327+00:00,plotly,5k_scatter,,started,/Users/zwong/repos/personal-projects/benchmarks/python_src/outputs/plotly_5k_scatter.png,
705772c6cb29480ea0a71c183aa83b6a,2026-05-09T15:41:52.567327+00:00,plotly,5k_scatter,2.609885,ok,/Users/zwong/repos/personal-projects/benchmarks/python_src/outputs/plotly_5k_scatter.png,
705772c6cb29480ea0a71c183aa83b6a,2026-05-09T15:41:52.567327+00:00,plotly,500k_scatter,,started,/Users/zwong/repos/personal-projects/benchmarks/python_src/outputs/plotly_500k_scatter.png,
705772c6cb29480ea0a71c183aa83b6a,2026-05-09T15:41:52.567327+00:00,plotly,500k_scatter,3.863980,ok,/Users/zwong/repos/personal-projects/benchmarks/python_src/outputs/plotly_500k_scatter.png,
705772c6cb29480ea0a71c183aa83b6a,2026-05-09T15:41:52.567327+00:00,plotly,5m_scatter,,started,/Users/zwong/repos/personal-projects/benchmarks/python_src/outputs/plotly_5m_scatter.png,
705772c6cb29480ea0a71c183aa83b6a,2026-05-09T15:41:52.567327+00:00,plotly,5m_scatter,30.058584,timeout,/Users/zwong/repos/personal-projects/benchmarks/python_src/outputs/plotly_5m_scatter.png,timed out after 30s
33f6474623d643c6ae278008f8bf2306,2026-05-09T15:44:46.844885+00:00,altair,1k_line,,started,/Users/zwong/repos/personal-projects/benchmarks/python_src/outputs/altair_1k_line.png,
33f6474623d643c6ae278008f8bf2306,2026-05-09T15:44:46.844885+00:00,altair,1k_line,0.532580,ok,/Users/zwong/repos/personal-projects/benchmarks/python_src/outputs/altair_1k_line.png,
33f6474623d643c6ae278008f8bf2306,2026-05-09T15:44:46.844885+00:00,altair,5k_line,,started,/Users/zwong/repos/personal-projects/benchmarks/python_src/outputs/altair_5k_line.png,
33f6474623d643c6ae278008f8bf2306,2026-05-09T15:44:46.844885+00:00,altair,5k_line,0.528665,ok,/Users/zwong/repos/personal-projects/benchmarks/python_src/outputs/altair_5k_line.png,
33f6474623d643c6ae278008f8bf2306,2026-05-09T15:44:46.844885+00:00,altair,85k_line,,started,/Users/zwong/repos/personal-projects/benchmarks/python_src/outputs/altair_85k_line.png,
33f6474623d643c6ae278008f8bf2306,2026-05-09T15:44:46.844885+00:00,altair,85k_line,1.279962,ok,/Users/zwong/repos/personal-projects/benchmarks/python_src/outputs/altair_85k_line.png,
33f6474623d643c6ae278008f8bf2306,2026-05-09T15:44:46.844885+00:00,altair,170k_line,,started,/Users/zwong/repos/personal-projects/benchmarks/python_src/outputs/altair_170k_line.png,
33f6474623d643c6ae278008f8bf2306,2026-05-09T15:44:46.844885+00:00,altair,170k_line,2.199027,ok,/Users/zwong/repos/personal-projects/benchmarks/python_src/outputs/altair_170k_line.png,
33f6474623d643c6ae278008f8bf2306,2026-05-09T15:44:46.844885+00:00,altair,850k_line,,started,/Users/zwong/repos/personal-projects/benchmarks/python_src/outputs/altair_850k_line.png,
33f6474623d643c6ae278008f8bf2306,2026-05-09T15:44:46.844885+00:00,altair,850k_line,12.614635,ok,/Users/zwong/repos/personal-projects/benchmarks/python_src/outputs/altair_850k_line.png,
33f6474623d643c6ae278008f8bf2306,2026-05-09T15:44:46.844885+00:00,altair,2k_histogram,,started,/Users/zwong/repos/personal-projects/benchmarks/python_src/outputs/altair_2k_histogram.png,
33f6474623d643c6ae278008f8bf2306,2026-05-09T15:44:46.844885+00:00,altair,2k_histogram,0.505319,ok,/Users/zwong/repos/personal-projects/benchmarks/python_src/outputs/altair_2k_histogram.png,
33f6474623d643c6ae278008f8bf2306,2026-05-09T15:44:46.844885+00:00,altair,10k_histogram,,started,/Users/zwong/repos/personal-projects/benchmarks/python_src/outputs/altair_10k_histogram.png,
33f6474623d643c6ae278008f8bf2306,2026-05-09T15:44:46.844885+00:00,altair,10k_histogram,0.510883,ok,/Users/zwong/repos/personal-projects/benchmarks/python_src/outputs/altair_10k_histogram.png,
33f6474623d643c6ae278008f8bf2306,2026-05-09T15:44:46.844885+00:00,altair,1m_histogram,,started,/Users/zwong/repos/personal-projects/benchmarks/python_src/outputs/altair_1m_histogram.png,
33f6474623d643c6ae278008f8bf2306,2026-05-09T15:44:46.844885+00:00,altair,1m_histogram,1.959939,ok,/Users/zwong/repos/personal-projects/benchmarks/python_src/outputs/altair_1m_histogram.png,
33f6474623d643c6ae278008f8bf2306,2026-05-09T15:44:46.844885+00:00,altair,10m_histogram,,started,/Users/zwong/repos/personal-projects/benchmarks/python_src/outputs/altair_10m_histogram.png,
33f6474623d643c6ae278008f8bf2306,2026-05-09T15:44:46.844885+00:00,altair,10m_histogram,25.121523,error,/Users/zwong/repos/personal-projects/benchmarks/python_src/outputs/altair_10m_histogram.png,"<--- Last few GCs --->

[1111:0x138018000]    11352 ms: Scavenge (interleaved) 1391.8 (1394.8) -> 1391.8 (1400.0) MB, pooled: 0 MB, 2.58 / 0.00 ms  (average mu = 0.181, current mu = 0.130) allocation failure; 
[1111:0x138018000]    11556 ms: Mark-Compact (reduce) 1393.4 (1400.0) -> 1393.4 (1395.3) MB, pooled: 0 MB, 186.62 / 0.00 ms  (+ 0.2 ms in 0 steps since start of marking, biggest step 0.0 ms, walltime since start of marking 190 ms) (average mu = 0.155, cur

<--- JS stacktrace --->



#
# Fatal JavaScript out of memory: Ineffective mark-compacts near heap limit
#
==== C stack trace ===============================

    0   vl_convert.abi3.so                  0x00000003a35ad5a0 v8_inspector__V8Inspector__Channel__BASE__sendResponse + 77012
    1   vl_convert.abi3.so                  0x00000003a35b33f8 v8_inspector__V8Inspector__Channel__BASE__sendResponse + 101164
    2   vl_convert.abi3.so                  0x00000003a35a3b18 v8_inspector__V8Inspector__Channel__BASE__sendResponse + 37452
    3   vl_convert.abi3.so                  0x00000003a3607830 v8_inspector__V8Inspector__Channel__BASE__sendResponse + 446308
    4   vl_convert.abi3.so                  0x00000003a37c72d8 v8_inspector__V8Inspector__Channel__BASE__sendResponse + 2279948
    5   vl_convert.abi3.so                  0x00000003a37d9c3c v8_inspector__V8Inspector__Channel__BASE__sendResponse + 2356080
    6   vl_convert.abi3.so                  0x00000003a37d94f8 v8_inspector__V8Inspector__Channel__BASE__sendResponse + 2354220
    7   vl_convert.abi3.so                  0x00000003a4021af0 v8_inspector__V8Inspector__Channel__BASE__sendResponse + 11039268
    8   vl_convert.abi3.so                  0x00000003a37c5454 v8_inspector__V8Inspector__Channel__BASE__sendResponse + 2272136
    9   vl_convert.abi3.so                  0x00000003a374f874 v8_inspector__V8Inspector__Channel__BASE__sendResponse + 1789864
    10  vl_convert.abi3.so                  0x00000003a3b89138 v8_inspector__V8Inspector__Channel__BASE__sendResponse + 6219884
    11  vl_convert.abi3.so                  0x00000003a491b9f4 v8_inspector__V8Inspector__Channel__BASE__sendResponse + 20451624
    12  ???                                 0x00000004b1fc2764 0x0 + 20165961572
    13  vl_convert.abi3.so                  0x00000003a4936648 v8_inspector__V8Inspector__Channel__BASE__sendResponse + 20561276
    14  vl_convert.abi3.so                  0x00000003a4884838 v8_inspector__V8Inspector__Channel__BASE__sendResponse + 19832684
    15  vl_convert.abi3.so                  0x00000003a4884838 v8_inspector__V8Inspector__Channel__BASE__sendResponse + 19832684
    16  vl_convert.abi3.so                  0x00000003a4884838 v8_inspector__V8Inspector__Channel__BASE__sendResponse + 19832684
    17  vl_convert.abi3.so                  0x00000003a4884838 v8_inspector__V8Inspector__Channel__BASE__sendResponse + 19832684
    18  vl_convert.abi3.so                  0x00000003a4884838 v8_inspector__V8Inspector__Channel__BASE__sendResponse + 19832684
    19  vl_convert.abi3.so                  0x00000003a4884838 v8_inspector__V8Inspector__Channel__BASE__sendResponse + 19832684
    20  vl_convert.abi3.so                  0x00000003a4884838 v8_inspector__V8Inspector__Channel__BASE__sendResponse + 19832684
    21  vl_convert.abi3.so                  0x00000003a4884838 v8_inspector__V8Inspector__Channel__BASE__sendResponse + 19832684
    22  vl_convert.abi3.so                  0x00000003a4884838 v8_inspector__V8Inspector__Channel__BASE__sendResponse + 19832684
    23  vl_convert.abi3.so                  0x00000003a4884838 v8_inspector__V8Inspector__Channel__BASE__sendResponse + 19832684
    24  vl_convert.abi3.so                  0x00000003a4884838 v8_inspector__V8Inspector__Channel__BASE__sendResponse + 19832684
    25  vl_convert.abi3.so                  0x00000003a488250c v8_inspector__V8Inspector__Channel__BASE__sendResponse + 19823680
    26  vl_convert.abi3.so                  0x00000003a48821b0 v8_inspector__V8Inspector__Channel__BASE__sendResponse + 19822820
    27  vl_convert.abi3.so                  0x00000003a3724798 v8_inspector__V8Inspector__Channel__BASE__sendResponse + 1613516
    28  vl_convert.abi3.so                  0x00000003a3724da4 v8_inspector__V8Inspector__Channel__BASE__sendResponse + 1615064
    29  vl_convert.abi3.so                  0x00000003a360acac v8_inspector__V8Inspector__Channel__BASE__sendResponse + 459744
    30  vl_convert.abi3.so                  0x00000003a35189a4 wgpu_render_bundle_set_vertex_buffer + 7935172
    31  vl_convert.abi3.so                  0x00000003a2a20438 PyInit_vl_convert + 3867704
    32  vl_convert.abi3.so                  0x00000003a269ace0 PyInit_vl_convert + 175328
    33  vl_convert.abi3.so                  0x00000003a26b01b8 PyInit_vl_convert + 262584
    34  vl_convert.abi3.so                  0x00000003a26af14c PyInit_vl_convert + 258380
    35  vl_convert.abi3.so                  0x00000003a26a1670 PyInit_vl_convert + 202352
    36  vl_convert.abi3.so                  0x00000003a26af050 PyInit_vl_convert + 258128
    37  vl_convert.abi3.so                  0x00000003a26b03d0 PyInit_vl_convert + 263120
    38  vl_convert.abi3.so                  0x00000003a26b0490 PyInit_vl_convert + 263312
    39  vl_convert.abi3.so                  0x00000003a26af7fc PyInit_vl_convert + 260092
    40  vl_convert.abi3.so                  0x00000003a26aff2c PyInit_vl_convert + 261932
    41  vl_convert.abi3.so                  0x00000003a26afa10 PyInit_vl_convert + 260624
    42  vl_convert.abi3.so                  0x00000003a26a1374 PyInit_vl_convert + 201588
    43  vl_convert.abi3.so                  0x00000003a26a412c PyInit_vl_convert + 213292
    44  vl_convert.abi3.so                  0x00000003a4a5a41c v8_inspector__V8Inspector__Channel__BASE__sendResponse + 21756752
    45  libsystem_pthread.dylib             0x000000019c3942e4 _pthread_start + 136
    46  libsystem_pthread.dylib             0x000000019c38f0fc thread_start + 8"
33f6474623d643c6ae278008f8bf2306,2026-05-09T15:44:46.844885+00:00,altair,1k_scatter,,started,/Users/zwong/repos/personal-projects/benchmarks/python_src/outputs/altair_1k_scatter.png,
33f6474623d643c6ae278008f8bf2306,2026-05-09T15:44:46.844885+00:00,altair,1k_scatter,0.708769,ok,/Users/zwong/repos/personal-projects/benchmarks/python_src/outputs/altair_1k_scatter.png,
33f6474623d643c6ae278008f8bf2306,2026-05-09T15:44:46.844885+00:00,altair,5k_scatter,,started,/Users/zwong/repos/personal-projects/benchmarks/python_src/outputs/altair_5k_scatter.png,
33f6474623d643c6ae278008f8bf2306,2026-05-09T15:44:46.844885+00:00,altair,5k_scatter,0.573974,ok,/Users/zwong/repos/personal-projects/benchmarks/python_src/outputs/altair_5k_scatter.png,
33f6474623d643c6ae278008f8bf2306,2026-05-09T15:44:46.844885+00:00,altair,500k_scatter,,started,/Users/zwong/repos/personal-projects/benchmarks/python_src/outputs/altair_500k_scatter.png,
33f6474623d643c6ae278008f8bf2306,2026-05-09T15:44:46.844885+00:00,altair,500k_scatter,9.454560,ok,/Users/zwong/repos/personal-projects/benchmarks/python_src/outputs/altair_500k_scatter.png,
33f6474623d643c6ae278008f8bf2306,2026-05-09T15:44:46.844885+00:00,altair,5m_scatter,,started,/Users/zwong/repos/personal-projects/benchmarks/python_src/outputs/altair_5m_scatter.png,
33f6474623d643c6ae278008f8bf2306,2026-05-09T15:44:46.844885+00:00,altair,5m_scatter,19.298119,error,/Users/zwong/repos/personal-projects/benchmarks/python_src/outputs/altair_5m_scatter.png,"<--- Last few GCs --->

[1122:0x110238000]     8213 ms: Scavenge (interleaved) 1360.6 (1408.0) -> 1360.6 (1431.0) MB, pooled: 0 MB, 9.54 / 0.00 ms  (average mu = 0.407, current mu = 0.290) allocation failure; 
[1122:0x110238000]     8645 ms: Mark-Compact (reduce) 1375.6 (1431.0) -> 1375.5 (1415.7) MB, pooled: 0 MB, 280.00 / 0.00 ms  (+ 131.5 ms in 0 steps since start of marking, biggest step 0.0 ms, walltime since start of marking 423 ms) (average mu = 0.269, c

<--- JS stacktrace --->



#
# Fatal JavaScript out of memory: Reached heap limit
#
==== C stack trace ===============================

    0   vl_convert.abi3.so                  0x00000003624695a0 v8_inspector__V8Inspector__Channel__BASE__sendResponse + 77012
    1   vl_convert.abi3.so                  0x000000036246f3f8 v8_inspector__V8Inspector__Channel__BASE__sendResponse + 101164
    2   vl_convert.abi3.so                  0x000000036245fb18 v8_inspector__V8Inspector__Channel__BASE__sendResponse + 37452
    3   vl_convert.abi3.so                  0x00000003624c3830 v8_inspector__V8Inspector__Channel__BASE__sendResponse + 446308
    4   vl_convert.abi3.so                  0x00000003626832d8 v8_inspector__V8Inspector__Channel__BASE__sendResponse + 2279948
    5   vl_convert.abi3.so                  0x000000036268164c v8_inspector__V8Inspector__Channel__BASE__sendResponse + 2272640
    6   vl_convert.abi3.so                  0x0000000362678784 v8_inspector__V8Inspector__Channel__BASE__sendResponse + 2236088
    7   vl_convert.abi3.so                  0x0000000362679170 v8_inspector__V8Inspector__Channel__BASE__sendResponse + 2238628
    8   vl_convert.abi3.so                  0x000000036265ec30 v8_inspector__V8Inspector__Channel__BASE__sendResponse + 2130788
    9   vl_convert.abi3.so                  0x0000000362a4553c v8_inspector__V8Inspector__Channel__BASE__sendResponse + 6220912
    10  vl_convert.abi3.so                  0x00000003637d79f4 v8_inspector__V8Inspector__Channel__BASE__sendResponse + 20451624
    11  ???                                 0x00000003e68beb7c 0x0 + 16752831356
    12  ???                                 0x00000003e68be7b0 0x0 + 16752830384
    13  vl_convert.abi3.so                  0x00000003637f2648 v8_inspector__V8Inspector__Channel__BASE__sendResponse + 20561276
    14  ???                                 0x00000003e6834ce4 0x0 + 16752266468
    15  ???                                 0x00000003e6833810 0x0 + 16752261136
    16  vl_convert.abi3.so                  0x0000000363740838 v8_inspector__V8Inspector__Channel__BASE__sendResponse + 19832684
    17  ???                                 0x00000003e68b8f90 0x0 + 16752807824
    18  ???                                 0x00000003e68b9220 0x0 + 16752808480
    19  ???                                 0x00000003e690091c 0x0 + 16753101084
    20  vl_convert.abi3.so                  0x0000000363740838 v8_inspector__V8Inspector__Channel__BASE__sendResponse + 19832684
    21  vl_convert.abi3.so                  0x0000000363740838 v8_inspector__V8Inspector__Channel__BASE__sendResponse + 19832684
    22  vl_convert.abi3.so                  0x0000000363740838 v8_inspector__V8Inspector__Channel__BASE__sendResponse + 19832684
    23  vl_convert.abi3.so                  0x0000000363740838 v8_inspector__V8Inspector__Channel__BASE__sendResponse + 19832684
    24  vl_convert.abi3.so                  0x0000000363740838 v8_inspector__V8Inspector__Channel__BASE__sendResponse + 19832684
    25  vl_convert.abi3.so                  0x000000036373e50c v8_inspector__V8Inspector__Channel__BASE__sendResponse + 19823680
    26  vl_convert.abi3.so                  0x000000036373e1b0 v8_inspector__V8Inspector__Channel__BASE__sendResponse + 19822820
    27  vl_convert.abi3.so                  0x00000003625e0798 v8_inspector__V8Inspector__Channel__BASE__sendResponse + 1613516
    28  vl_convert.abi3.so                  0x00000003625e0da4 v8_inspector__V8Inspector__Channel__BASE__sendResponse + 1615064
    29  vl_convert.abi3.so                  0x00000003624c6cac v8_inspector__V8Inspector__Channel__BASE__sendResponse + 459744
    30  vl_convert.abi3.so                  0x00000003623d49a4 wgpu_render_bundle_set_vertex_buffer + 7935172
    31  vl_convert.abi3.so                  0x00000003618dc438 PyInit_vl_convert + 3867704
    32  vl_convert.abi3.so                  0x0000000361556ce0 PyInit_vl_convert + 175328
    33  vl_convert.abi3.so                  0x000000036156c1b8 PyInit_vl_convert + 262584
    34  vl_convert.abi3.so                  0x000000036156b14c PyInit_vl_convert + 258380
    35  vl_convert.abi3.so                  0x000000036155d670 PyInit_vl_convert + 202352
    36  vl_convert.abi3.so                  0x000000036156b050 PyInit_vl_convert + 258128
    37  vl_convert.abi3.so                  0x000000036156c3d0 PyInit_vl_convert + 263120
    38  vl_convert.abi3.so                  0x000000036156c490 PyInit_vl_convert + 263312
    39  vl_convert.abi3.so                  0x000000036156b7fc PyInit_vl_convert + 260092
    40  vl_convert.abi3.so                  0x000000036156bf2c PyInit_vl_convert + 261932
    41  vl_convert.abi3.so                  0x000000036156ba10 PyInit_vl_convert + 260624
    42  vl_convert.abi3.so                  0x000000036155d374 PyInit_vl_convert + 201588
    43  vl_convert.abi3.so                  0x000000036156012c PyInit_vl_convert + 213292
    44  vl_convert.abi3.so                  0x000000036391641c v8_inspector__V8Inspector__Channel__BASE__sendResponse + 21756752
    45  libsystem_pthread.dylib             0x000000019c3942e4 _pthread_start + 136
    46  libsystem_pthread.dylib             0x000000019c38f0fc thread_start + 8"
33f6474623d643c6ae278008f8bf2306,2026-05-09T15:44:46.844885+00:00,matplotlib,1k_line,,started,/Users/zwong/repos/personal-projects/benchmarks/python_src/outputs/matplotlib_1k_line.png,
33f6474623d643c6ae278008f8bf2306,2026-05-09T15:44:46.844885+00:00,matplotlib,1k_line,0.612081,ok,/Users/zwong/repos/personal-projects/benchmarks/python_src/outputs/matplotlib_1k_line.png,
33f6474623d643c6ae278008f8bf2306,2026-05-09T15:44:46.844885+00:00,matplotlib,5k_line,,started,/Users/zwong/repos/personal-projects/benchmarks/python_src/outputs/matplotlib_5k_line.png,
33f6474623d643c6ae278008f8bf2306,2026-05-09T15:44:46.844885+00:00,matplotlib,5k_line,0.451312,ok,/Users/zwong/repos/personal-projects/benchmarks/python_src/outputs/matplotlib_5k_line.png,
33f6474623d643c6ae278008f8bf2306,2026-05-09T15:44:46.844885+00:00,matplotlib,85k_line,,started,/Users/zwong/repos/personal-projects/benchmarks/python_src/outputs/matplotlib_85k_line.png,
33f6474623d643c6ae278008f8bf2306,2026-05-09T15:44:46.844885+00:00,matplotlib,85k_line,0.717591,ok,/Users/zwong/repos/personal-projects/benchmarks/python_src/outputs/matplotlib_85k_line.png,
33f6474623d643c6ae278008f8bf2306,2026-05-09T15:44:46.844885+00:00,matplotlib,170k_line,,started,/Users/zwong/repos/personal-projects/benchmarks/python_src/outputs/matplotlib_170k_line.png,
33f6474623d643c6ae278008f8bf2306,2026-05-09T15:44:46.844885+00:00,matplotlib,170k_line,0.830200,ok,/Users/zwong/repos/personal-projects/benchmarks/python_src/outputs/matplotlib_170k_line.png,
33f6474623d643c6ae278008f8bf2306,2026-05-09T15:44:46.844885+00:00,matplotlib,850k_line,,started,/Users/zwong/repos/personal-projects/benchmarks/python_src/outputs/matplotlib_850k_line.png,
33f6474623d643c6ae278008f8bf2306,2026-05-09T15:44:46.844885+00:00,matplotlib,850k_line,1.040910,ok,/Users/zwong/repos/personal-projects/benchmarks/python_src/outputs/matplotlib_850k_line.png,
33f6474623d643c6ae278008f8bf2306,2026-05-09T15:44:46.844885+00:00,matplotlib,2k_histogram,,started,/Users/zwong/repos/personal-projects/benchmarks/python_src/outputs/matplotlib_2k_histogram.png,
33f6474623d643c6ae278008f8bf2306,2026-05-09T15:44:46.844885+00:00,matplotlib,2k_histogram,0.414913,ok,/Users/zwong/repos/personal-projects/benchmarks/python_src/outputs/matplotlib_2k_histogram.png,
33f6474623d643c6ae278008f8bf2306,2026-05-09T15:44:46.844885+00:00,matplotlib,10k_histogram,,started,/Users/zwong/repos/personal-projects/benchmarks/python_src/outputs/matplotlib_10k_histogram.png,
33f6474623d643c6ae278008f8bf2306,2026-05-09T15:44:46.844885+00:00,matplotlib,10k_histogram,0.423943,ok,/Users/zwong/repos/personal-projects/benchmarks/python_src/outputs/matplotlib_10k_histogram.png,
33f6474623d643c6ae278008f8bf2306,2026-05-09T15:44:46.844885+00:00,matplotlib,1m_histogram,,started,/Users/zwong/repos/personal-projects/benchmarks/python_src/outputs/matplotlib_1m_histogram.png,
33f6474623d643c6ae278008f8bf2306,2026-05-09T15:44:46.844885+00:00,matplotlib,1m_histogram,0.891389,ok,/Users/zwong/repos/personal-projects/benchmarks/python_src/outputs/matplotlib_1m_histogram.png,
33f6474623d643c6ae278008f8bf2306,2026-05-09T15:44:46.844885+00:00,matplotlib,10m_histogram,,started,/Users/zwong/repos/personal-projects/benchmarks/python_src/outputs/matplotlib_10m_histogram.png,
33f6474623d643c6ae278008f8bf2306,2026-05-09T15:44:46.844885+00:00,matplotlib,10m_histogram,5.250667,ok,/Users/zwong/repos/personal-projects/benchmarks/python_src/outputs/matplotlib_10m_histogram.png,
33f6474623d643c6ae278008f8bf2306,2026-05-09T15:44:46.844885+00:00,matplotlib,1k_scatter,,started,/Users/zwong/repos/personal-projects/benchmarks/python_src/outputs/matplotlib_1k_scatter.png,
33f6474623d643c6ae278008f8bf2306,2026-05-09T15:44:46.844885+00:00,matplotlib,1k_scatter,0.415270,ok,/Users/zwong/repos/personal-projects/benchmarks/python_src/outputs/matplotlib_1k_scatter.png,
33f6474623d643c6ae278008f8bf2306,2026-05-09T15:44:46.844885+00:00,matplotlib,5k_scatter,,started,/Users/zwong/repos/personal-projects/benchmarks/python_src/outputs/matplotlib_5k_scatter.png,
33f6474623d643c6ae278008f8bf2306,2026-05-09T15:44:46.844885+00:00,matplotlib,5k_scatter,0.424997,ok,/Users/zwong/repos/personal-projects/benchmarks/python_src/outputs/matplotlib_5k_scatter.png,
33f6474623d643c6ae278008f8bf2306,2026-05-09T15:44:46.844885+00:00,matplotlib,500k_scatter,,started,/Users/zwong/repos/personal-projects/benchmarks/python_src/outputs/matplotlib_500k_scatter.png,
33f6474623d643c6ae278008f8bf2306,2026-05-09T15:44:46.844885+00:00,matplotlib,500k_scatter,2.015289,ok,/Users/zwong/repos/personal-projects/benchmarks/python_src/outputs/matplotlib_500k_scatter.png,
33f6474623d643c6ae278008f8bf2306,2026-05-09T15:44:46.844885+00:00,matplotlib,5m_scatter,,started,/Users/zwong/repos/personal-projects/benchmarks/python_src/outputs/matplotlib_5m_scatter.png,
33f6474623d643c6ae278008f8bf2306,2026-05-09T15:44:46.844885+00:00,matplotlib,5m_scatter,16.679556,ok,/Users/zwong/repos/personal-projects/benchmarks/python_src/outputs/matplotlib_5m_scatter.png,
33f6474623d643c6ae278008f8bf2306,2026-05-09T15:44:46.844885+00:00,plotly,1k_line,,started,/Users/zwong/repos/personal-projects/benchmarks/python_src/outputs/plotly_1k_line.png,
33f6474623d643c6ae278008f8bf2306,2026-05-09T15:44:46.844885+00:00,plotly,1k_line,2.480791,ok,/Users/zwong/repos/personal-projects/benchmarks/python_src/outputs/plotly_1k_line.png,
33f6474623d643c6ae278008f8bf2306,2026-05-09T15:44:46.844885+00:00,plotly,5k_line,,started,/Users/zwong/repos/personal-projects/benchmarks/python_src/outputs/plotly_5k_line.png,
33f6474623d643c6ae278008f8bf2306,2026-05-09T15:44:46.844885+00:00,plotly,5k_line,2.272754,ok,/Users/zwong/repos/personal-projects/benchmarks/python_src/outputs/plotly_5k_line.png,
33f6474623d643c6ae278008f8bf2306,2026-05-09T15:44:46.844885+00:00,plotly,85k_line,,started,/Users/zwong/repos/personal-projects/benchmarks/python_src/outputs/plotly_85k_line.png,
33f6474623d643c6ae278008f8bf2306,2026-05-09T15:44:46.844885+00:00,plotly,85k_line,2.395771,ok,/Users/zwong/repos/personal-projects/benchmarks/python_src/outputs/plotly_85k_line.png,
33f6474623d643c6ae278008f8bf2306,2026-05-09T15:44:46.844885+00:00,plotly,170k_line,,started,/Users/zwong/repos/personal-projects/benchmarks/python_src/outputs/plotly_170k_line.png,
33f6474623d643c6ae278008f8bf2306,2026-05-09T15:44:46.844885+00:00,plotly,170k_line,2.551240,ok,/Users/zwong/repos/personal-projects/benchmarks/python_src/outputs/plotly_170k_line.png,
33f6474623d643c6ae278008f8bf2306,2026-05-09T15:44:46.844885+00:00,plotly,850k_line,,started,/Users/zwong/repos/personal-projects/benchmarks/python_src/outputs/plotly_850k_line.png,
33f6474623d643c6ae278008f8bf2306,2026-05-09T15:44:46.844885+00:00,plotly,850k_line,3.615865,ok,/Users/zwong/repos/personal-projects/benchmarks/python_src/outputs/plotly_850k_line.png,
33f6474623d643c6ae278008f8bf2306,2026-05-09T15:44:46.844885+00:00,plotly,2k_histogram,,started,/Users/zwong/repos/personal-projects/benchmarks/python_src/outputs/plotly_2k_histogram.png,
33f6474623d643c6ae278008f8bf2306,2026-05-09T15:44:46.844885+00:00,plotly,2k_histogram,2.266263,ok,/Users/zwong/repos/personal-projects/benchmarks/python_src/outputs/plotly_2k_histogram.png,
33f6474623d643c6ae278008f8bf2306,2026-05-09T15:44:46.844885+00:00,plotly,10k_histogram,,started,/Users/zwong/repos/personal-projects/benchmarks/python_src/outputs/plotly_10k_histogram.png,
33f6474623d643c6ae278008f8bf2306,2026-05-09T15:44:46.844885+00:00,plotly,10k_histogram,2.274866,ok,/Users/zwong/repos/personal-projects/benchmarks/python_src/outputs/plotly_10k_histogram.png,
33f6474623d643c6ae278008f8bf2306,2026-05-09T15:44:46.844885+00:00,plotly,1m_histogram,,started,/Users/zwong/repos/personal-projects/benchmarks/python_src/outputs/plotly_1m_histogram.png,
33f6474623d643c6ae278008f8bf2306,2026-05-09T15:44:46.844885+00:00,plotly,1m_histogram,3.046349,ok,/Users/zwong/repos/personal-projects/benchmarks/python_src/outputs/plotly_1m_histogram.png,
33f6474623d643c6ae278008f8bf2306,2026-05-09T15:44:46.844885+00:00,plotly,10m_histogram,,started,/Users/zwong/repos/personal-projects/benchmarks/python_src/outputs/plotly_10m_histogram.png,
33f6474623d643c6ae278008f8bf2306,2026-05-09T15:44:46.844885+00:00,plotly,10m_histogram,10.336077,ok,/Users/zwong/repos/personal-projects/benchmarks/python_src/outputs/plotly_10m_histogram.png,
33f6474623d643c6ae278008f8bf2306,2026-05-09T15:44:46.844885+00:00,plotly,1k_scatter,,started,/Users/zwong/repos/personal-projects/benchmarks/python_src/outputs/plotly_1k_scatter.png,
33f6474623d643c6ae278008f8bf2306,2026-05-09T15:44:46.844885+00:00,plotly,1k_scatter,2.552859,ok,/Users/zwong/repos/personal-projects/benchmarks/python_src/outputs/plotly_1k_scatter.png,
33f6474623d643c6ae278008f8bf2306,2026-05-09T15:44:46.844885+00:00,plotly,5k_scatter,,started,/Users/zwong/repos/personal-projects/benchmarks/python_src/outputs/plotly_5k_scatter.png,
33f6474623d643c6ae278008f8bf2306,2026-05-09T15:44:46.844885+00:00,plotly,5k_scatter,2.579352,ok,/Users/zwong/repos/personal-projects/benchmarks/python_src/outputs/plotly_5k_scatter.png,
33f6474623d643c6ae278008f8bf2306,2026-05-09T15:44:46.844885+00:00,plotly,500k_scatter,,started,/Users/zwong/repos/personal-projects/benchmarks/python_src/outputs/plotly_500k_scatter.png,
33f6474623d643c6ae278008f8bf2306,2026-05-09T15:44:46.844885+00:00,plotly,500k_scatter,3.885044,ok,/Users/zwong/repos/personal-projects/benchmarks/python_src/outputs/plotly_500k_scatter.png,
33f6474623d643c6ae278008f8bf2306,2026-05-09T15:44:46.844885+00:00,plotly,5m_scatter,,started,/Users/zwong/repos/personal-projects/benchmarks/python_src/outputs/plotly_5m_scatter.png,
33f6474623d643c6ae278008f8bf2306,2026-05-09T15:44:46.844885+00:00,plotly,5m_scatter,30.055704,timeout,/Users/zwong/repos/personal-projects/benchmarks/python_src/outputs/plotly_5m_scatter.png,timed out after 30s
